Disease,Model,Validation Year,Training Years,Year,Month,Age Adjusted Rate,Predicted AAMR,Actual - Predicted
Pneumonia,log_linear_month_fe,,,2010,"Jan., 2010",4.8,,
Pneumonia,log_linear_month_fe,,,2010,"Feb., 2010",4.2,,
Pneumonia,log_linear_month_fe,,,2010,"Mar., 2010",4.7,,
Pneumonia,log_linear_month_fe,,,2010,"Apr., 2010",4.0,,
Pneumonia,log_linear_month_fe,,,2010,"May, 2010",3.8,,
Pneumonia,log_linear_month_fe,,,2010,"Jun., 2010",3.5,,
Pneumonia,log_linear_month_fe,,,2010,"Jul., 2010",3.5,,
Pneumonia,log_linear_month_fe,,,2010,"Aug., 2010",3.3,,
Pneumonia,log_linear_month_fe,,,2010,"Sep., 2010",3.4,,
Pneumonia,log_linear_month_fe,,,2010,"Oct., 2010",3.8,,
Pneumonia,log_linear_month_fe,,,2010,"Nov., 2010",3.9,,
Pneumonia,log_linear_month_fe,,,2010,"Dec., 2010",4.5,,
Pneumonia,log_linear_month_fe,,,2011,"Jan., 2011",5.1,,
Pneumonia,log_linear_month_fe,,,2011,"Feb., 2011",4.8,,
Pneumonia,log_linear_month_fe,,,2011,"Mar., 2011",4.9,,
Pneumonia,log_linear_month_fe,,,2011,"Apr., 2011",4.1,,
Pneumonia,log_linear_month_fe,,,2011,"May, 2011",3.9,,
Pneumonia,log_linear_month_fe,,,2011,"Jun., 2011",3.5,,
Pneumonia,log_linear_month_fe,,,2011,"Jul., 2011",3.4,,
Pneumonia,log_linear_month_fe,,,2011,"Aug., 2011",3.3,,
Pneumonia,log_linear_month_fe,,,2011,"Sep., 2011",3.2,,
Pneumonia,log_linear_month_fe,,,2011,"Oct., 2011",3.6,,
Pneumonia,log_linear_month_fe,,,2011,"Nov., 2011",3.8,,
Pneumonia,log_linear_month_fe,,,2011,"Dec., 2011",4.2,,
Pneumonia,log_linear_month_fe,,,2012,"Jan., 2012",4.5,,
Pneumonia,log_linear_month_fe,,,2012,"Feb., 2012",4.0,,
Pneumonia,log_linear_month_fe,,,2012,"Mar., 2012",4.3,,
Pneumonia,log_linear_month_fe,,,2012,"Apr., 2012",3.7,,
Pneumonia,log_linear_month_fe,,,2012,"May, 2012",3.5,,
Pneumonia,log_linear_month_fe,,,2012,"Jun., 2012",3.2,,
Pneumonia,log_linear_month_fe,,,2012,"Jul., 2012",3.1,,
Pneumonia,log_linear_month_fe,,,2012,"Aug., 2012",3.2,,
Pneumonia,log_linear_month_fe,,,2012,"Sep., 2012",3.2,,
Pneumonia,log_linear_month_fe,,,2012,"Oct., 2012",3.5,,
Pneumonia,log_linear_month_fe,,,2012,"Nov., 2012",3.6,,
Pneumonia,log_linear_month_fe,,,2012,"Dec., 2012",4.5,,
Pneumonia,log_linear_month_fe,,,2013,"Jan., 2013",5.9,,
Pneumonia,log_linear_month_fe,,,2013,"Feb., 2013",4.4,,
Pneumonia,log_linear_month_fe,,,2013,"Mar., 2013",4.4,,
Pneumonia,log_linear_month_fe,,,2013,"Apr., 2013",3.8,,
Pneumonia,log_linear_month_fe,,,2013,"May, 2013",3.4,,
Pneumonia,log_linear_month_fe,,,2013,"Jun., 2013",3.2,,
Pneumonia,log_linear_month_fe,,,2013,"Jul., 2013",3.1,,
Pneumonia,log_linear_month_fe,,,2013,"Aug., 2013",3.0,,
Pneumonia,log_linear_month_fe,,,2013,"Sep., 2013",3.0,,
Pneumonia,log_linear_month_fe,,,2013,"Oct., 2013",3.3,,
Pneumonia,log_linear_month_fe,,,2013,"Nov., 2013",3.4,,
Pneumonia,log_linear_month_fe,,,2013,"Dec., 2013",4.1,,
Pneumonia,log_linear_month_fe,,,2014,"Jan., 2014",5.0,,
Pneumonia,log_linear_month_fe,,,2014,"Feb., 2014",3.9,,
Pneumonia,log_linear_month_fe,,,2014,"Mar., 2014",3.9,,
Pneumonia,log_linear_month_fe,,,2014,"Apr., 2014",3.6,,
Pneumonia,log_linear_month_fe,,,2014,"May, 2014",3.3,,
Pneumonia,log_linear_month_fe,,,2014,"Jun., 2014",3.0,,
Pneumonia,log_linear_month_fe,,,2014,"Jul., 2014",3.0,,
Pneumonia,log_linear_month_fe,,,2014,"Aug., 2014",2.9,,
Pneumonia,log_linear_month_fe,,,2014,"Sep., 2014",2.9,,
Pneumonia,log_linear_month_fe,,,2014,"Oct., 2014",3.2,,
Pneumonia,log_linear_month_fe,,,2014,"Nov., 2014",3.3,,
Pneumonia,log_linear_month_fe,,,2014,"Dec., 2014",4.1,,
Pneumonia,log_linear_month_fe,,,2015,"Jan., 2015",5.2,,
Pneumonia,log_linear_month_fe,,,2015,"Feb., 2015",4.1,,
Pneumonia,log_linear_month_fe,,,2015,"Mar., 2015",4.1,,
Pneumonia,log_linear_month_fe,,,2015,"Apr., 2015",3.6,,
Pneumonia,log_linear_month_fe,,,2015,"May, 2015",3.3,,
Pneumonia,log_linear_month_fe,,,2015,"Jun., 2015",3.0,,
Pneumonia,log_linear_month_fe,,,2015,"Jul., 2015",3.0,,
Pneumonia,log_linear_month_fe,,,2015,"Aug., 2015",2.9,,
Pneumonia,log_linear_month_fe,,,2015,"Sep., 2015",2.9,,
Pneumonia,log_linear_month_fe,,,2015,"Oct., 2015",3.1,,
Pneumonia,log_linear_month_fe,,,2015,"Nov., 2015",3.2,,
Pneumonia,log_linear_month_fe,,,2015,"Dec., 2015",3.5,,
Pneumonia,log_linear_month_fe,,,2016,"Jan., 2016",4.0,,
Pneumonia,log_linear_month_fe,,,2016,"Feb., 2016",3.7,,
Pneumonia,log_linear_month_fe,,,2016,"Mar., 2016",4.0,,
Pneumonia,log_linear_month_fe,,,2016,"Apr., 2016",3.5,,
Pneumonia,log_linear_month_fe,,,2016,"May, 2016",3.1,,
Pneumonia,log_linear_month_fe,,,2016,"Jun., 2016",2.8,,
Pneumonia,log_linear_month_fe,,,2016,"Jul., 2016",2.8,,
Pneumonia,log_linear_month_fe,,,2016,"Aug., 2016",2.7,,
Pneumonia,log_linear_month_fe,,,2016,"Sep., 2016",2.8,,
Pneumonia,log_linear_month_fe,,,2016,"Oct., 2016",3.1,,
Pneumonia,log_linear_month_fe,,,2016,"Nov., 2016",3.0,,
Pneumonia,log_linear_month_fe,,,2016,"Dec., 2016",3.7,,
Pneumonia,log_linear_month_fe,,,2017,"Jan., 2017",4.3,,
Pneumonia,log_linear_month_fe,,,2017,"Feb., 2017",3.8,,
Pneumonia,log_linear_month_fe,,,2017,"Mar., 2017",3.9,,
Pneumonia,log_linear_month_fe,,,2017,"Apr., 2017",3.3,,
Pneumonia,log_linear_month_fe,,,2017,"May, 2017",3.0,,
Pneumonia,log_linear_month_fe,,,2017,"Jun., 2017",2.8,,
Pneumonia,log_linear_month_fe,,,2017,"Jul., 2017",2.7,,
Pneumonia,log_linear_month_fe,,,2017,"Aug., 2017",2.6,,
Pneumonia,log_linear_month_fe,,,2017,"Sep., 2017",2.7,,
Pneumonia,log_linear_month_fe,,,2017,"Oct., 2017",3.0,,
Pneumonia,log_linear_month_fe,,,2017,"Nov., 2017",3.0,,
Pneumonia,log_linear_month_fe,,,2017,"Dec., 2017",3.7,,
Pneumonia,log_linear_month_fe,2018,2010-2017,2018,"Jan., 2018",5.0,4.2,0.8
Pneumonia,log_linear_month_fe,2018,2010-2017,2018,"Feb., 2018",3.8,3.6,0.2
Pneumonia,log_linear_month_fe,2018,2010-2017,2018,"Mar., 2018",3.6,3.7,-0.1
Pneumonia,log_linear_month_fe,2018,2010-2017,2018,"Apr., 2018",3.1,3.2,-0.1
Pneumonia,log_linear_month_fe,2018,2010-2017,2018,"May, 2018",2.8,2.9,-0.1
Pneumonia,log_linear_month_fe,2018,2010-2017,2018,"Jun., 2018",2.6,2.7,-0.1
Pneumonia,log_linear_month_fe,2018,2010-2017,2018,"Jul., 2018",2.5,2.7,-0.2
Pneumonia,log_linear_month_fe,2018,2010-2017,2018,"Aug., 2018",2.5,2.6,-0.1
Pneumonia,log_linear_month_fe,2018,2010-2017,2018,"Sep., 2018",2.5,2.6,-0.1
Pneumonia,log_linear_month_fe,2018,2010-2017,2018,"Oct., 2018",2.8,2.9,-0.1
Pneumonia,log_linear_month_fe,2018,2010-2017,2018,"Nov., 2018",2.8,2.9,-0.1
Pneumonia,log_linear_month_fe,2018,2010-2017,2018,"Dec., 2018",3.3,3.5,-0.2
Pneumonia,log_linear_month_fe,2019,2010-2018,2019,"Jan., 2019",3.6,4.1,-0.5
Pneumonia,log_linear_month_fe,2019,2010-2018,2019,"Feb., 2019",3.2,3.5,-0.3
Pneumonia,log_linear_month_fe,2019,2010-2018,2019,"Mar., 2019",3.5,3.6,-0.1
Pneumonia,log_linear_month_fe,2019,2010-2018,2019,"Apr., 2019",3.0,3.1,-0.1
Pneumonia,log_linear_month_fe,2019,2010-2018,2019,"May, 2019",2.9,2.8,0.1
Pneumonia,log_linear_month_fe,2019,2010-2018,2019,"Jun., 2019",2.6,2.6,0.0
Pneumonia,log_linear_month_fe,2019,2010-2018,2019,"Jul., 2019",2.5,2.5,0.0
Pneumonia,log_linear_month_fe,2019,2010-2018,2019,"Aug., 2019",2.4,2.5,-0.1
Pneumonia,log_linear_month_fe,2019,2010-2018,2019,"Sep., 2019",2.4,2.5,-0.1
Pneumonia,log_linear_month_fe,2019,2010-2018,2019,"Oct., 2019",2.6,2.8,-0.2
Pneumonia,log_linear_month_fe,2019,2010-2018,2019,"Nov., 2019",2.7,2.8,-0.1
Pneumonia,log_linear_month_fe,2019,2010-2018,2019,"Dec., 2019",3.2,3.3,-0.1
Pneumonia,log_linear_month_fe,,2010-2019,2020,"Jan., 2020",3.6,3.9,-0.3
Pneumonia,log_linear_month_fe,,2010-2019,2020,"Feb., 2020",3.2,3.3,-0.1
Pneumonia,log_linear_month_fe,,2010-2019,2020,"Mar., 2020",4.7,3.4,1.3
Pneumonia,log_linear_month_fe,,2010-2019,2020,"Apr., 2020",10.2,2.9,7.3
Pneumonia,log_linear_month_fe,,2010-2019,2020,"May, 2020",6.2,2.7,3.5
Pneumonia,log_linear_month_fe,,2010-2019,2020,"Jun., 2020",4.1,2.5,1.6
Pneumonia,log_linear_month_fe,,2010-2019,2020,"Jul., 2020",5.9,2.4,3.5
Pneumonia,log_linear_month_fe,,2010-2019,2020,"Aug., 2020",5.9,2.4,3.5
Pneumonia,log_linear_month_fe,,2010-2019,2020,"Sep., 2020",4.5,2.4,2.1
Pneumonia,log_linear_month_fe,,2010-2019,2020,"Oct., 2020",5.2,2.6,2.6
Pneumonia,log_linear_month_fe,,2010-2019,2020,"Nov., 2020",8.3,2.7,5.6
Pneumonia,log_linear_month_fe,,2010-2019,2020,"Dec., 2020",13.9,3.2,10.7
Pneumonia,log_linear_month_fe,,2010-2019,2021,"Jan., 2021",16.0,3.7,12.3
Pneumonia,log_linear_month_fe,,2010-2019,2021,"Feb., 2021",8.6,3.2,5.4
Pneumonia,log_linear_month_fe,,2010-2019,2021,"Mar., 2021",5.4,3.3,2.1
Pneumonia,log_linear_month_fe,,2010-2019,2021,"Apr., 2021",4.7,2.8,1.9
Pneumonia,log_linear_month_fe,,2010-2019,2021,"May, 2021",4.3,2.6,1.7
Pneumonia,log_linear_month_fe,,2010-2019,2021,"Jun., 2021",3.4,2.4,1.0
Pneumonia,log_linear_month_fe,,2010-2019,2021,"Jul., 2021",4.0,2.3,1.7
Pneumonia,log_linear_month_fe,,2010-2019,2021,"Aug., 2021",9.8,2.3,7.5
Pneumonia,log_linear_month_fe,,2010-2019,2021,"Sep., 2021",12.0,2.3,9.7
Pneumonia,log_linear_month_fe,,2010-2019,2021,"Oct., 2021",8.9,2.5,6.4
Pneumonia,log_linear_month_fe,,2010-2019,2021,"Nov., 2021",7.2,2.6,4.6
Pneumonia,log_linear_month_fe,,2010-2019,2021,"Dec., 2021",9.3,3.1,6.2
Pneumonia,log_linear_month_fe,,2010-2019,2022,"Jan., 2022",12.8,3.6,9.2
Pneumonia,log_linear_month_fe,,2010-2019,2022,"Feb., 2022",8.2,3.1,5.1
Pneumonia,log_linear_month_fe,,2010-2019,2022,"Mar., 2022",4.1,3.2,0.9
Pneumonia,log_linear_month_fe,,2010-2019,2022,"Apr., 2022",2.9,2.7,0.2
Pneumonia,log_linear_month_fe,,2010-2019,2022,"May, 2022",3.1,2.5,0.6
Pneumonia,log_linear_month_fe,,2010-2019,2022,"Jun., 2022",3.1,2.3,0.8
Pneumonia,log_linear_month_fe,,2010-2019,2022,"Jul., 2022",3.3,2.3,1.0
Pneumonia,log_linear_month_fe,,2010-2019,2022,"Aug., 2022",3.4,2.2,1.2
Pneumonia,log_linear_month_fe,,2010-2019,2022,"Sep., 2022",3.2,2.2,1.0
Pneumonia,log_linear_month_fe,,2010-2019,2022,"Oct., 2022",3.3,2.5,0.8
Pneumonia,log_linear_month_fe,,2010-2019,2022,"Nov., 2022",3.6,2.5,1.1
Pneumonia,log_linear_month_fe,,2010-2019,2022,"Dec., 2022",4.6,3.0,1.6
Pneumonia,log_linear_month_fe,,2010-2019,2023,"Jan., 2023",4.5,3.5,1.0
Pneumonia,log_linear_month_fe,,2010-2019,2023,"Feb., 2023",3.4,3.0,0.4
Pneumonia,log_linear_month_fe,,2010-2019,2023,"Mar., 2023",3.5,3.1,0.4
Pneumonia,log_linear_month_fe,,2010-2019,2023,"Apr., 2023",3.1,2.6,0.5
Pneumonia,log_linear_month_fe,,2010-2019,2023,"May, 2023",2.9,2.4,0.5
Pneumonia,log_linear_month_fe,,2010-2019,2023,"Jun., 2023",2.7,2.2,0.5
Pneumonia,log_linear_month_fe,,2010-2019,2023,"Jul., 2023",2.5,2.2,0.3
Pneumonia,log_linear_month_fe,,2010-2019,2023,"Aug., 2023",2.7,2.1,0.6
Pneumonia,log_linear_month_fe,,2010-2019,2023,"Sep., 2023",2.9,2.1,0.8
Pneumonia,log_linear_month_fe,,2010-2019,2023,"Oct., 2023",3.1,2.4,0.7
Pneumonia,log_linear_month_fe,,2010-2019,2023,"Nov., 2023",3.2,2.4,0.8
Pneumonia,log_linear_month_fe,,2010-2019,2023,"Dec., 2023",3.9,2.9,1.0
Pneumonia,log_linear_month_fe,,2010-2019,2024,"Jan., 2024",4.3,3.4,0.9
Pneumonia,log_linear_month_fe,,2010-2019,2024,"Feb., 2024",3.3,2.9,0.4
Pneumonia,log_linear_month_fe,,2010-2019,2024,"Mar., 2024",3.2,3.0,0.2
Pneumonia,log_linear_month_fe,,2010-2019,2024,"Apr., 2024",2.9,2.6,0.3
Pneumonia,log_linear_month_fe,,2010-2019,2024,"May, 2024",2.7,2.4,0.3
Pneumonia,log_linear_month_fe,,2010-2019,2024,"Jun., 2024",2.6,2.2,0.4
Pneumonia,log_linear_month_fe,,2010-2019,2024,"Jul., 2024",2.7,2.1,0.6
Pneumonia,log_linear_month_fe,,2010-2019,2024,"Aug., 2024",2.7,2.1,0.6
Pneumonia,log_linear_month_fe,,2010-2019,2024,"Sep., 2024",2.7,2.1,0.6
Pneumonia,log_linear_month_fe,,2010-2019,2024,"Oct., 2024",2.8,2.3,0.5
Pneumonia,log_linear_month_fe,,2010-2019,2024,"Nov., 2024",2.7,2.3,0.4
Pneumonia,log_linear_month_fe,,2010-2019,2024,"Dec., 2024",3.3,2.8,0.5
Pneumonia,log_linear_month_fe,,2010-2019,2025,"Jan., 2025",4.1,3.3,0.8
Pneumonia,log_linear_month_fe,,2010-2019,2025,"Feb., 2025",3.6,2.8,0.8
Pneumonia,log_linear_month_fe,,2010-2019,2025,"Mar., 2025",3.4,2.9,0.5
Pneumonia,log_linear_month_fe,,2010-2019,2025,"Apr., 2025",3.0,2.5,0.5
Pneumonia,log_linear_month_fe,,2010-2019,2025,"May., 2025",2.7,2.3,0.4
Pneumonia,log_linear_month_fe,,2010-2019,2025,"Jun., 2025",2.5,2.1,0.4
Pneumonia,log_linear_month_fe,,2010-2019,2025,"Jul., 2025",2.5,2.0,0.5
Pneumonia,log_linear_month_fe,,2010-2019,2025,"Aug., 2025",2.4,2.0,0.4
Pneumonia,log_linear_month_fe,,2010-2019,2025,"Sep., 2025",2.5,2.0,0.5
Pneumonia,log_linear_month_fe,,2010-2019,2025,"Oct., 2025",2.6,2.2,0.4
Pneumonia,log_linear_month_fe,,2010-2019,2025,"Nov., 2025",2.6,2.3,0.3
Pneumonia,log_linear_month_fe,,2010-2019,2025,"Dec., 2025",3.1,2.7,0.4
Pneumonia/ARDS,linear_month_fe,,,2010,"Jan., 2010",0.1,,
Pneumonia/ARDS,linear_month_fe,,,2010,"Feb., 2010",0.1,,
Pneumonia/ARDS,linear_month_fe,,,2010,"Mar., 2010",0.1,,
Pneumonia/ARDS,linear_month_fe,,,2010,"Apr., 2010",0.1,,
Pneumonia/ARDS,linear_month_fe,,,2010,"May, 2010",0.1,,
Pneumonia/ARDS,linear_month_fe,,,2010,"Jun., 2010",0.1,,
Pneumonia/ARDS,linear_month_fe,,,2010,"Jul., 2010",0.1,,
Pneumonia/ARDS,linear_month_fe,,,2010,"Aug., 2010",0.1,,
Pneumonia/ARDS,linear_month_fe,,,2010,"Sep., 2010",0.1,,
Pneumonia/ARDS,linear_month_fe,,,2010,"Oct., 2010",0.1,,
Pneumonia/ARDS,linear_month_fe,,,2010,"Nov., 2010",0.1,,
Pneumonia/ARDS,linear_month_fe,,,2010,"Dec., 2010",0.1,,
Pneumonia/ARDS,linear_month_fe,,,2011,"Jan., 2011",0.1,,
Pneumonia/ARDS,linear_month_fe,,,2011,"Feb., 2011",0.1,,
Pneumonia/ARDS,linear_month_fe,,,2011,"Mar., 2011",0.1,,
Pneumonia/ARDS,linear_month_fe,,,2011,"Apr., 2011",0.1,,
Pneumonia/ARDS,linear_month_fe,,,2011,"May, 2011",0.1,,
Pneumonia/ARDS,linear_month_fe,,,2011,"Jun., 2011",0.1,,
Pneumonia/ARDS,linear_month_fe,,,2011,"Jul., 2011",0.1,,
Pneumonia/ARDS,linear_month_fe,,,2011,"Aug., 2011",0.1,,
Pneumonia/ARDS,linear_month_fe,,,2011,"Sep., 2011",0.1,,
Pneumonia/ARDS,linear_month_fe,,,2011,"Oct., 2011",0.1,,
Pneumonia/ARDS,linear_month_fe,,,2011,"Nov., 2011",0.1,,
Pneumonia/ARDS,linear_month_fe,,,2011,"Dec., 2011",0.1,,
Pneumonia/ARDS,linear_month_fe,,,2012,"Jan., 2012",0.1,,
Pneumonia/ARDS,linear_month_fe,,,2012,"Feb., 2012",0.1,,
Pneumonia/ARDS,linear_month_fe,,,2012,"Mar., 2012",0.1,,
Pneumonia/ARDS,linear_month_fe,,,2012,"Apr., 2012",0.1,,
Pneumonia/ARDS,linear_month_fe,,,2012,"May, 2012",0.1,,
Pneumonia/ARDS,linear_month_fe,,,2012,"Jun., 2012",0.1,,
Pneumonia/ARDS,linear_month_fe,,,2012,"Jul., 2012",0.1,,
Pneumonia/ARDS,linear_month_fe,,,2012,"Aug., 2012",0.1,,
Pneumonia/ARDS,linear_month_fe,,,2012,"Sep., 2012",0.1,,
Pneumonia/ARDS,linear_month_fe,,,2012,"Oct., 2012",0.1,,
Pneumonia/ARDS,linear_month_fe,,,2012,"Nov., 2012",0.1,,
Pneumonia/ARDS,linear_month_fe,,,2012,"Dec., 2012",0.1,,
Pneumonia/ARDS,linear_month_fe,,,2013,"Jan., 2013",0.1,,
Pneumonia/ARDS,linear_month_fe,,,2013,"Feb., 2013",0.1,,
Pneumonia/ARDS,linear_month_fe,,,2013,"Mar., 2013",0.1,,
Pneumonia/ARDS,linear_month_fe,,,2013,"Apr., 2013",0.1,,
Pneumonia/ARDS,linear_month_fe,,,2013,"May, 2013",0.1,,
Pneumonia/ARDS,linear_month_fe,,,2013,"Jun., 2013",0.1,,
Pneumonia/ARDS,linear_month_fe,,,2013,"Jul., 2013",0.1,,
Pneumonia/ARDS,linear_month_fe,,,2013,"Aug., 2013",0.1,,
Pneumonia/ARDS,linear_month_fe,,,2013,"Sep., 2013",0.1,,
Pneumonia/ARDS,linear_month_fe,,,2013,"Oct., 2013",0.1,,
Pneumonia/ARDS,linear_month_fe,,,2013,"Nov., 2013",0.1,,
Pneumonia/ARDS,linear_month_fe,,,2013,"Dec., 2013",0.1,,
Pneumonia/ARDS,linear_month_fe,,,2014,"Jan., 2014",0.2,,
Pneumonia/ARDS,linear_month_fe,,,2014,"Feb., 2014",0.1,,
Pneumonia/ARDS,linear_month_fe,,,2014,"Mar., 2014",0.1,,
Pneumonia/ARDS,linear_month_fe,,,2014,"Apr., 2014",0.1,,
Pneumonia/ARDS,linear_month_fe,,,2014,"May, 2014",0.1,,
Pneumonia/ARDS,linear_month_fe,,,2014,"Jun., 2014",0.1,,
Pneumonia/ARDS,linear_month_fe,,,2014,"Jul., 2014",0.1,,
Pneumonia/ARDS,linear_month_fe,,,2014,"Aug., 2014",0.1,,
Pneumonia/ARDS,linear_month_fe,,,2014,"Sep., 2014",0.1,,
Pneumonia/ARDS,linear_month_fe,,,2014,"Oct., 2014",0.1,,
Pneumonia/ARDS,linear_month_fe,,,2014,"Nov., 2014",0.1,,
Pneumonia/ARDS,linear_month_fe,,,2014,"Dec., 2014",0.1,,
Pneumonia/ARDS,linear_month_fe,,,2015,"Jan., 2015",0.1,,
Pneumonia/ARDS,linear_month_fe,,,2015,"Feb., 2015",0.1,,
Pneumonia/ARDS,linear_month_fe,,,2015,"Mar., 2015",0.1,,
Pneumonia/ARDS,linear_month_fe,,,2015,"Apr., 2015",0.1,,
Pneumonia/ARDS,linear_month_fe,,,2015,"May, 2015",0.1,,
Pneumonia/ARDS,linear_month_fe,,,2015,"Jun., 2015",0.1,,
Pneumonia/ARDS,linear_month_fe,,,2015,"Jul., 2015",0.1,,
Pneumonia/ARDS,linear_month_fe,,,2015,"Aug., 2015",0.1,,
Pneumonia/ARDS,linear_month_fe,,,2015,"Sep., 2015",0.1,,
Pneumonia/ARDS,linear_month_fe,,,2015,"Oct., 2015",0.1,,
Pneumonia/ARDS,linear_month_fe,,,2015,"Nov., 2015",0.1,,
Pneumonia/ARDS,linear_month_fe,,,2015,"Dec., 2015",0.1,,
Pneumonia/ARDS,linear_month_fe,,,2016,"Jan., 2016",0.1,,
Pneumonia/ARDS,linear_month_fe,,,2016,"Feb., 2016",0.1,,
Pneumonia/ARDS,linear_month_fe,,,2016,"Mar., 2016",0.1,,
Pneumonia/ARDS,linear_month_fe,,,2016,"Apr., 2016",0.1,,
Pneumonia/ARDS,linear_month_fe,,,2016,"May, 2016",0.1,,
Pneumonia/ARDS,linear_month_fe,,,2016,"Jun., 2016",0.1,,
Pneumonia/ARDS,linear_month_fe,,,2016,"Jul., 2016",0.1,,
Pneumonia/ARDS,linear_month_fe,,,2016,"Aug., 2016",0.1,,
Pneumonia/ARDS,linear_month_fe,,,2016,"Sep., 2016",0.1,,
Pneumonia/ARDS,linear_month_fe,,,2016,"Oct., 2016",0.1,,
Pneumonia/ARDS,linear_month_fe,,,2016,"Nov., 2016",0.1,,
Pneumonia/ARDS,linear_month_fe,,,2016,"Dec., 2016",0.1,,
Pneumonia/ARDS,linear_month_fe,,,2017,"Jan., 2017",0.1,,
Pneumonia/ARDS,linear_month_fe,,,2017,"Feb., 2017",0.1,,
Pneumonia/ARDS,linear_month_fe,,,2017,"Mar., 2017",0.1,,
Pneumonia/ARDS,linear_month_fe,,,2017,"Apr., 2017",0.1,,
Pneumonia/ARDS,linear_month_fe,,,2017,"May, 2017",0.1,,
Pneumonia/ARDS,linear_month_fe,,,2017,"Jun., 2017",0.1,,
Pneumonia/ARDS,linear_month_fe,,,2017,"Jul., 2017",0.1,,
Pneumonia/ARDS,linear_month_fe,,,2017,"Aug., 2017",0.1,,
Pneumonia/ARDS,linear_month_fe,,,2017,"Sep., 2017",0.1,,
Pneumonia/ARDS,linear_month_fe,,,2017,"Oct., 2017",0.1,,
Pneumonia/ARDS,linear_month_fe,,,2017,"Nov., 2017",0.1,,
Pneumonia/ARDS,linear_month_fe,,,2017,"Dec., 2017",0.1,,
Pneumonia/ARDS,linear_month_fe,2018,2010-2017,2018,"Jan., 2018",0.1,0.1,0.0
Pneumonia/ARDS,linear_month_fe,2018,2010-2017,2018,"Feb., 2018",0.1,0.1,0.0
Pneumonia/ARDS,linear_month_fe,2018,2010-2017,2018,"Mar., 2018",0.1,0.1,0.0
Pneumonia/ARDS,linear_month_fe,2018,2010-2017,2018,"Apr., 2018",0.1,0.1,0.0
Pneumonia/ARDS,linear_month_fe,2018,2010-2017,2018,"May, 2018",0.1,0.1,0.0
Pneumonia/ARDS,linear_month_fe,2018,2010-2017,2018,"Jun., 2018",0.1,0.1,0.0
Pneumonia/ARDS,linear_month_fe,2018,2010-2017,2018,"Jul., 2018",0.1,0.1,0.0
Pneumonia/ARDS,linear_month_fe,2018,2010-2017,2018,"Aug., 2018",0.1,0.1,0.0
Pneumonia/ARDS,linear_month_fe,2018,2010-2017,2018,"Sep., 2018",0.1,0.1,0.0
Pneumonia/ARDS,linear_month_fe,2018,2010-2017,2018,"Oct., 2018",0.1,0.1,0.0
Pneumonia/ARDS,linear_month_fe,2018,2010-2017,2018,"Nov., 2018",0.1,0.1,0.0
Pneumonia/ARDS,linear_month_fe,2018,2010-2017,2018,"Dec., 2018",0.1,0.1,0.0
Pneumonia/ARDS,linear_month_fe,2019,2010-2018,2019,"Jan., 2019",0.1,0.1,0.0
Pneumonia/ARDS,linear_month_fe,2019,2010-2018,2019,"Feb., 2019",0.1,0.1,0.0
Pneumonia/ARDS,linear_month_fe,2019,2010-2018,2019,"Mar., 2019",0.1,0.1,0.0
Pneumonia/ARDS,linear_month_fe,2019,2010-2018,2019,"Apr., 2019",0.1,0.1,0.0
Pneumonia/ARDS,linear_month_fe,2019,2010-2018,2019,"May, 2019",0.1,0.1,0.0
Pneumonia/ARDS,linear_month_fe,2019,2010-2018,2019,"Jun., 2019",0.1,0.1,0.0
Pneumonia/ARDS,linear_month_fe,2019,2010-2018,2019,"Jul., 2019",0.1,0.1,0.0
Pneumonia/ARDS,linear_month_fe,2019,2010-2018,2019,"Aug., 2019",0.1,0.1,0.0
Pneumonia/ARDS,linear_month_fe,2019,2010-2018,2019,"Sep., 2019",0.1,0.1,0.0
Pneumonia/ARDS,linear_month_fe,2019,2010-2018,2019,"Oct., 2019",0.1,0.1,0.0
Pneumonia/ARDS,linear_month_fe,2019,2010-2018,2019,"Nov., 2019",0.1,0.1,0.0
Pneumonia/ARDS,linear_month_fe,2019,2010-2018,2019,"Dec., 2019",0.1,0.1,0.0
Pneumonia/ARDS,linear_month_fe,,2010-2019,2020,"Jan., 2020",0.1,0.1,0.0
Pneumonia/ARDS,linear_month_fe,,2010-2019,2020,"Feb., 2020",0.1,0.1,0.0
Pneumonia/ARDS,linear_month_fe,,2010-2019,2020,"Mar., 2020",0.3,0.1,0.2
Pneumonia/ARDS,linear_month_fe,,2010-2019,2020,"Apr., 2020",1.6,0.1,1.5
Pneumonia/ARDS,linear_month_fe,,2010-2019,2020,"May, 2020",0.7,0.1,0.6
Pneumonia/ARDS,linear_month_fe,,2010-2019,2020,"Jun., 2020",0.3,0.1,0.2
Pneumonia/ARDS,linear_month_fe,,2010-2019,2020,"Jul., 2020",0.6,0.1,0.5
Pneumonia/ARDS,linear_month_fe,,2010-2019,2020,"Aug., 2020",0.6,0.1,0.5
Pneumonia/ARDS,linear_month_fe,,2010-2019,2020,"Sep., 2020",0.4,0.1,0.3
Pneumonia/ARDS,linear_month_fe,,2010-2019,2020,"Oct., 2020",0.4,0.1,0.3
Pneumonia/ARDS,linear_month_fe,,2010-2019,2020,"Nov., 2020",0.8,0.1,0.7
Pneumonia/ARDS,linear_month_fe,,2010-2019,2020,"Dec., 2020",1.4,0.1,1.3
Pneumonia/ARDS,linear_month_fe,,2010-2019,2021,"Jan., 2021",1.7,0.1,1.6
Pneumonia/ARDS,linear_month_fe,,2010-2019,2021,"Feb., 2021",0.9,0.1,0.8
Pneumonia/ARDS,linear_month_fe,,2010-2019,2021,"Mar., 2021",0.5,0.1,0.4
Pneumonia/ARDS,linear_month_fe,,2010-2019,2021,"Apr., 2021",0.4,0.1,0.3
Pneumonia/ARDS,linear_month_fe,,2010-2019,2021,"May, 2021",0.3,0.1,0.2
Pneumonia/ARDS,linear_month_fe,,2010-2019,2021,"Jun., 2021",0.2,0.1,0.1
Pneumonia/ARDS,linear_month_fe,,2010-2019,2021,"Jul., 2021",0.3,0.1,0.2
Pneumonia/ARDS,linear_month_fe,,2010-2019,2021,"Aug., 2021",1.2,0.1,1.1
Pneumonia/ARDS,linear_month_fe,,2010-2019,2021,"Sep., 2021",1.5,0.1,1.4
Pneumonia/ARDS,linear_month_fe,,2010-2019,2021,"Oct., 2021",1.1,0.1,1.0
Pneumonia/ARDS,linear_month_fe,,2010-2019,2021,"Nov., 2021",0.7,0.1,0.6
Pneumonia/ARDS,linear_month_fe,,2010-2019,2021,"Dec., 2021",0.9,0.1,0.8
Pneumonia/ARDS,linear_month_fe,,2010-2019,2022,"Jan., 2022",1.2,0.1,1.1
Pneumonia/ARDS,linear_month_fe,,2010-2019,2022,"Feb., 2022",0.7,0.1,0.6
Pneumonia/ARDS,linear_month_fe,,2010-2019,2022,"Mar., 2022",0.2,0.1,0.1
Pneumonia/ARDS,linear_month_fe,,2010-2019,2022,"Apr., 2022",0.1,0.1,0.0
Pneumonia/ARDS,linear_month_fe,,2010-2019,2022,"May, 2022",0.1,0.1,0.0
Pneumonia/ARDS,linear_month_fe,,2010-2019,2022,"Jun., 2022",0.1,0.1,0.0
Pneumonia/ARDS,linear_month_fe,,2010-2019,2022,"Jul., 2022",0.1,0.1,0.0
Pneumonia/ARDS,linear_month_fe,,2010-2019,2022,"Aug., 2022",0.1,0.1,0.0
Pneumonia/ARDS,linear_month_fe,,2010-2019,2022,"Sep., 2022",0.1,0.1,0.0
Pneumonia/ARDS,linear_month_fe,,2010-2019,2022,"Oct., 2022",0.1,0.1,0.0
Pneumonia/ARDS,linear_month_fe,,2010-2019,2022,"Nov., 2022",0.1,0.1,0.0
Pneumonia/ARDS,linear_month_fe,,2010-2019,2022,"Dec., 2022",0.1,0.1,0.0
Pneumonia/ARDS,linear_month_fe,,2010-2019,2023,"Jan., 2023",0.2,0.1,0.1
Pneumonia/ARDS,linear_month_fe,,2010-2019,2023,"Feb., 2023",0.1,0.1,0.0
Pneumonia/ARDS,linear_month_fe,,2010-2019,2023,"Mar., 2023",0.1,0.1,0.0
Pneumonia/ARDS,linear_month_fe,,2010-2019,2023,"Apr., 2023",0.1,0.1,0.0
Pneumonia/ARDS,linear_month_fe,,2010-2019,2023,"May, 2023",0.1,0.1,0.0
Pneumonia/ARDS,linear_month_fe,,2010-2019,2023,"Jun., 2023",0.1,0.1,0.0
Pneumonia/ARDS,linear_month_fe,,2010-2019,2023,"Jul., 2023",0.1,0.1,0.0
Pneumonia/ARDS,linear_month_fe,,2010-2019,2023,"Aug., 2023",0.1,0.1,0.0
Pneumonia/ARDS,linear_month_fe,,2010-2019,2023,"Sep., 2023",0.1,0.1,0.0
Pneumonia/ARDS,linear_month_fe,,2010-2019,2023,"Oct., 2023",0.1,0.1,0.0
Pneumonia/ARDS,linear_month_fe,,2010-2019,2023,"Nov., 2023",0.1,0.1,0.0
Pneumonia/ARDS,linear_month_fe,,2010-2019,2023,"Dec., 2023",0.1,0.1,0.0
Pneumonia/ARDS,linear_month_fe,,2010-2019,2024,"Jan., 2024",0.1,0.1,0.0
Pneumonia/ARDS,linear_month_fe,,2010-2019,2024,"Feb., 2024",0.1,0.1,0.0
Pneumonia/ARDS,linear_month_fe,,2010-2019,2024,"Mar., 2024",0.1,0.1,0.0
Pneumonia/ARDS,linear_month_fe,,2010-2019,2024,"Apr., 2024",0.1,0.1,0.0
Pneumonia/ARDS,linear_month_fe,,2010-2019,2024,"May, 2024",0.1,0.1,0.0
Pneumonia/ARDS,linear_month_fe,,2010-2019,2024,"Jun., 2024",0.1,0.1,0.0
Pneumonia/ARDS,linear_month_fe,,2010-2019,2024,"Jul., 2024",0.1,0.1,0.0
Pneumonia/ARDS,linear_month_fe,,2010-2019,2024,"Aug., 2024",0.1,0.1,0.0
Pneumonia/ARDS,linear_month_fe,,2010-2019,2024,"Sep., 2024",0.1,0.1,0.0
Pneumonia/ARDS,linear_month_fe,,2010-2019,2024,"Oct., 2024",0.1,0.1,0.0
Pneumonia/ARDS,linear_month_fe,,2010-2019,2024,"Nov., 2024",0.1,0.1,0.0
Pneumonia/ARDS,linear_month_fe,,2010-2019,2024,"Dec., 2024",0.1,0.1,0.0
Pneumonia/ARDS,linear_month_fe,,2010-2019,2025,"Jan., 2025",0.1,0.1,0.0
Pneumonia/ARDS,linear_month_fe,,2010-2019,2025,"Feb., 2025",0.1,0.1,0.0
Pneumonia/ARDS,linear_month_fe,,2010-2019,2025,"Mar., 2025",0.1,0.1,0.0
Pneumonia/ARDS,linear_month_fe,,2010-2019,2025,"Apr., 2025",0.1,0.1,0.0
Pneumonia/ARDS,linear_month_fe,,2010-2019,2025,"May., 2025",0.1,0.1,0.0
Pneumonia/ARDS,linear_month_fe,,2010-2019,2025,"Jun., 2025",0.1,0.1,0.0
Pneumonia/ARDS,linear_month_fe,,2010-2019,2025,"Jul., 2025",0.1,0.1,0.0
Pneumonia/ARDS,linear_month_fe,,2010-2019,2025,"Aug., 2025",0.1,0.1,0.0
Pneumonia/ARDS,linear_month_fe,,2010-2019,2025,"Sep., 2025",0.1,0.1,0.0
Pneumonia/ARDS,linear_month_fe,,2010-2019,2025,"Oct., 2025",0.1,0.1,0.0
Pneumonia/ARDS,linear_month_fe,,2010-2019,2025,"Nov., 2025",0.1,0.1,0.0
Pneumonia/ARDS,linear_month_fe,,2010-2019,2025,"Dec., 2025",0.1,0.1,0.0
Pneumonia/Sepsis,anchored_quadratic_month_fe_30,,,2010,"Jan., 2010",1.0,,
Pneumonia/Sepsis,anchored_quadratic_month_fe_30,,,2010,"Feb., 2010",0.8,,
Pneumonia/Sepsis,anchored_quadratic_month_fe_30,,,2010,"Mar., 2010",0.9,,
Pneumonia/Sepsis,anchored_quadratic_month_fe_30,,,2010,"Apr., 2010",0.8,,
Pneumonia/Sepsis,anchored_quadratic_month_fe_30,,,2010,"May, 2010",0.8,,
Pneumonia/Sepsis,anchored_quadratic_month_fe_30,,,2010,"Jun., 2010",0.7,,
Pneumonia/Sepsis,anchored_quadratic_month_fe_30,,,2010,"Jul., 2010",0.7,,
Pneumonia/Sepsis,anchored_quadratic_month_fe_30,,,2010,"Aug., 2010",0.7,,
Pneumonia/Sepsis,anchored_quadratic_month_fe_30,,,2010,"Sep., 2010",0.7,,
Pneumonia/Sepsis,anchored_quadratic_month_fe_30,,,2010,"Oct., 2010",0.8,,
Pneumonia/Sepsis,anchored_quadratic_month_fe_30,,,2010,"Nov., 2010",0.8,,
Pneumonia/Sepsis,anchored_quadratic_month_fe_30,,,2010,"Dec., 2010",0.9,,
Pneumonia/Sepsis,anchored_quadratic_month_fe_30,,,2011,"Jan., 2011",1.1,,
Pneumonia/Sepsis,anchored_quadratic_month_fe_30,,,2011,"Feb., 2011",1.0,,
Pneumonia/Sepsis,anchored_quadratic_month_fe_30,,,2011,"Mar., 2011",1.0,,
Pneumonia/Sepsis,anchored_quadratic_month_fe_30,,,2011,"Apr., 2011",0.9,,
Pneumonia/Sepsis,anchored_quadratic_month_fe_30,,,2011,"May, 2011",0.8,,
Pneumonia/Sepsis,anchored_quadratic_month_fe_30,,,2011,"Jun., 2011",0.8,,
Pneumonia/Sepsis,anchored_quadratic_month_fe_30,,,2011,"Jul., 2011",0.8,,
Pneumonia/Sepsis,anchored_quadratic_month_fe_30,,,2011,"Aug., 2011",0.7,,
Pneumonia/Sepsis,anchored_quadratic_month_fe_30,,,2011,"Sep., 2011",0.7,,
Pneumonia/Sepsis,anchored_quadratic_month_fe_30,,,2011,"Oct., 2011",0.8,,
Pneumonia/Sepsis,anchored_quadratic_month_fe_30,,,2011,"Nov., 2011",0.8,,
Pneumonia/Sepsis,anchored_quadratic_month_fe_30,,,2011,"Dec., 2011",0.9,,
Pneumonia/Sepsis,anchored_quadratic_month_fe_30,,,2012,"Jan., 2012",1.0,,
Pneumonia/Sepsis,anchored_quadratic_month_fe_30,,,2012,"Feb., 2012",0.9,,
Pneumonia/Sepsis,anchored_quadratic_month_fe_30,,,2012,"Mar., 2012",0.9,,
Pneumonia/Sepsis,anchored_quadratic_month_fe_30,,,2012,"Apr., 2012",0.8,,
Pneumonia/Sepsis,anchored_quadratic_month_fe_30,,,2012,"May, 2012",0.8,,
Pneumonia/Sepsis,anchored_quadratic_month_fe_30,,,2012,"Jun., 2012",0.7,,
Pneumonia/Sepsis,anchored_quadratic_month_fe_30,,,2012,"Jul., 2012",0.7,,
Pneumonia/Sepsis,anchored_quadratic_month_fe_30,,,2012,"Aug., 2012",0.7,,
Pneumonia/Sepsis,anchored_quadratic_month_fe_30,,,2012,"Sep., 2012",0.7,,
Pneumonia/Sepsis,anchored_quadratic_month_fe_30,,,2012,"Oct., 2012",0.8,,
Pneumonia/Sepsis,anchored_quadratic_month_fe_30,,,2012,"Nov., 2012",0.8,,
Pneumonia/Sepsis,anchored_quadratic_month_fe_30,,,2012,"Dec., 2012",1.1,,
Pneumonia/Sepsis,anchored_quadratic_month_fe_30,,,2013,"Jan., 2013",1.3,,
Pneumonia/Sepsis,anchored_quadratic_month_fe_30,,,2013,"Feb., 2013",1.0,,
Pneumonia/Sepsis,anchored_quadratic_month_fe_30,,,2013,"Mar., 2013",1.0,,
Pneumonia/Sepsis,anchored_quadratic_month_fe_30,,,2013,"Apr., 2013",0.9,,
Pneumonia/Sepsis,anchored_quadratic_month_fe_30,,,2013,"May, 2013",0.8,,
Pneumonia/Sepsis,anchored_quadratic_month_fe_30,,,2013,"Jun., 2013",0.8,,
Pneumonia/Sepsis,anchored_quadratic_month_fe_30,,,2013,"Jul., 2013",0.8,,
Pneumonia/Sepsis,anchored_quadratic_month_fe_30,,,2013,"Aug., 2013",0.8,,
Pneumonia/Sepsis,anchored_quadratic_month_fe_30,,,2013,"Sep., 2013",0.7,,
Pneumonia/Sepsis,anchored_quadratic_month_fe_30,,,2013,"Oct., 2013",0.8,,
Pneumonia/Sepsis,anchored_quadratic_month_fe_30,,,2013,"Nov., 2013",0.9,,
Pneumonia/Sepsis,anchored_quadratic_month_fe_30,,,2013,"Dec., 2013",1.0,,
Pneumonia/Sepsis,anchored_quadratic_month_fe_30,,,2014,"Jan., 2014",1.2,,
Pneumonia/Sepsis,anchored_quadratic_month_fe_30,,,2014,"Feb., 2014",1.0,,
Pneumonia/Sepsis,anchored_quadratic_month_fe_30,,,2014,"Mar., 2014",1.0,,
Pneumonia/Sepsis,anchored_quadratic_month_fe_30,,,2014,"Apr., 2014",0.9,,
Pneumonia/Sepsis,anchored_quadratic_month_fe_30,,,2014,"May, 2014",0.9,,
Pneumonia/Sepsis,anchored_quadratic_month_fe_30,,,2014,"Jun., 2014",0.8,,
Pneumonia/Sepsis,anchored_quadratic_month_fe_30,,,2014,"Jul., 2014",0.8,,
Pneumonia/Sepsis,anchored_quadratic_month_fe_30,,,2014,"Aug., 2014",0.8,,
Pneumonia/Sepsis,anchored_quadratic_month_fe_30,,,2014,"Sep., 2014",0.8,,
Pneumonia/Sepsis,anchored_quadratic_month_fe_30,,,2014,"Oct., 2014",0.9,,
Pneumonia/Sepsis,anchored_quadratic_month_fe_30,,,2014,"Nov., 2014",0.9,,
Pneumonia/Sepsis,anchored_quadratic_month_fe_30,,,2014,"Dec., 2014",1.1,,
Pneumonia/Sepsis,anchored_quadratic_month_fe_30,,,2015,"Jan., 2015",1.3,,
Pneumonia/Sepsis,anchored_quadratic_month_fe_30,,,2015,"Feb., 2015",1.1,,
Pneumonia/Sepsis,anchored_quadratic_month_fe_30,,,2015,"Mar., 2015",1.1,,
Pneumonia/Sepsis,anchored_quadratic_month_fe_30,,,2015,"Apr., 2015",1.0,,
Pneumonia/Sepsis,anchored_quadratic_month_fe_30,,,2015,"May, 2015",0.9,,
Pneumonia/Sepsis,anchored_quadratic_month_fe_30,,,2015,"Jun., 2015",0.9,,
Pneumonia/Sepsis,anchored_quadratic_month_fe_30,,,2015,"Jul., 2015",0.8,,
Pneumonia/Sepsis,anchored_quadratic_month_fe_30,,,2015,"Aug., 2015",0.8,,
Pneumonia/Sepsis,anchored_quadratic_month_fe_30,,,2015,"Sep., 2015",0.8,,
Pneumonia/Sepsis,anchored_quadratic_month_fe_30,,,2015,"Oct., 2015",0.9,,
Pneumonia/Sepsis,anchored_quadratic_month_fe_30,,,2015,"Nov., 2015",0.9,,
Pneumonia/Sepsis,anchored_quadratic_month_fe_30,,,2015,"Dec., 2015",1.1,,
Pneumonia/Sepsis,anchored_quadratic_month_fe_30,,,2016,"Jan., 2016",1.2,,
Pneumonia/Sepsis,anchored_quadratic_month_fe_30,,,2016,"Feb., 2016",1.1,,
Pneumonia/Sepsis,anchored_quadratic_month_fe_30,,,2016,"Mar., 2016",1.2,,
Pneumonia/Sepsis,anchored_quadratic_month_fe_30,,,2016,"Apr., 2016",1.0,,
Pneumonia/Sepsis,anchored_quadratic_month_fe_30,,,2016,"May, 2016",0.9,,
Pneumonia/Sepsis,anchored_quadratic_month_fe_30,,,2016,"Jun., 2016",0.8,,
Pneumonia/Sepsis,anchored_quadratic_month_fe_30,,,2016,"Jul., 2016",0.8,,
Pneumonia/Sepsis,anchored_quadratic_month_fe_30,,,2016,"Aug., 2016",0.8,,
Pneumonia/Sepsis,anchored_quadratic_month_fe_30,,,2016,"Sep., 2016",0.9,,
Pneumonia/Sepsis,anchored_quadratic_month_fe_30,,,2016,"Oct., 2016",0.9,,
Pneumonia/Sepsis,anchored_quadratic_month_fe_30,,,2016,"Nov., 2016",0.9,,
Pneumonia/Sepsis,anchored_quadratic_month_fe_30,,,2016,"Dec., 2016",1.1,,
Pneumonia/Sepsis,anchored_quadratic_month_fe_30,,,2017,"Jan., 2017",1.3,,
Pneumonia/Sepsis,anchored_quadratic_month_fe_30,,,2017,"Feb., 2017",1.1,,
Pneumonia/Sepsis,anchored_quadratic_month_fe_30,,,2017,"Mar., 2017",1.2,,
Pneumonia/Sepsis,anchored_quadratic_month_fe_30,,,2017,"Apr., 2017",1.0,,
Pneumonia/Sepsis,anchored_quadratic_month_fe_30,,,2017,"May, 2017",0.9,,
Pneumonia/Sepsis,anchored_quadratic_month_fe_30,,,2017,"Jun., 2017",0.9,,
Pneumonia/Sepsis,anchored_quadratic_month_fe_30,,,2017,"Jul., 2017",0.8,,
Pneumonia/Sepsis,anchored_quadratic_month_fe_30,,,2017,"Aug., 2017",0.8,,
Pneumonia/Sepsis,anchored_quadratic_month_fe_30,,,2017,"Sep., 2017",0.8,,
Pneumonia/Sepsis,anchored_quadratic_month_fe_30,,,2017,"Oct., 2017",0.9,,
Pneumonia/Sepsis,anchored_quadratic_month_fe_30,,,2017,"Nov., 2017",0.9,,
Pneumonia/Sepsis,anchored_quadratic_month_fe_30,,,2017,"Dec., 2017",1.2,,
Pneumonia/Sepsis,anchored_quadratic_month_fe_30,2018,2010-2017,2018,"Jan., 2018",1.5,1.3,0.2
Pneumonia/Sepsis,anchored_quadratic_month_fe_30,2018,2010-2017,2018,"Feb., 2018",1.2,1.1,0.1
Pneumonia/Sepsis,anchored_quadratic_month_fe_30,2018,2010-2017,2018,"Mar., 2018",1.1,1.1,0.0
Pneumonia/Sepsis,anchored_quadratic_month_fe_30,2018,2010-2017,2018,"Apr., 2018",1.0,1.0,0.0
Pneumonia/Sepsis,anchored_quadratic_month_fe_30,2018,2010-2017,2018,"May, 2018",0.9,0.9,0.0
Pneumonia/Sepsis,anchored_quadratic_month_fe_30,2018,2010-2017,2018,"Jun., 2018",0.8,0.9,-0.1
Pneumonia/Sepsis,anchored_quadratic_month_fe_30,2018,2010-2017,2018,"Jul., 2018",0.8,0.8,0.0
Pneumonia/Sepsis,anchored_quadratic_month_fe_30,2018,2010-2017,2018,"Aug., 2018",0.8,0.8,0.0
Pneumonia/Sepsis,anchored_quadratic_month_fe_30,2018,2010-2017,2018,"Sep., 2018",0.8,0.8,0.0
Pneumonia/Sepsis,anchored_quadratic_month_fe_30,2018,2010-2017,2018,"Oct., 2018",0.9,0.9,0.0
Pneumonia/Sepsis,anchored_quadratic_month_fe_30,2018,2010-2017,2018,"Nov., 2018",0.9,0.9,0.0
Pneumonia/Sepsis,anchored_quadratic_month_fe_30,2018,2010-2017,2018,"Dec., 2018",1.0,1.1,-0.1
Pneumonia/Sepsis,anchored_quadratic_month_fe_30,2019,2010-2018,2019,"Jan., 2019",1.1,1.3,-0.2
Pneumonia/Sepsis,anchored_quadratic_month_fe_30,2019,2010-2018,2019,"Feb., 2019",1.0,1.1,-0.1
Pneumonia/Sepsis,anchored_quadratic_month_fe_30,2019,2010-2018,2019,"Mar., 2019",1.1,1.1,0.0
Pneumonia/Sepsis,anchored_quadratic_month_fe_30,2019,2010-2018,2019,"Apr., 2019",0.9,1.0,-0.1
Pneumonia/Sepsis,anchored_quadratic_month_fe_30,2019,2010-2018,2019,"May, 2019",0.9,0.9,0.0
Pneumonia/Sepsis,anchored_quadratic_month_fe_30,2019,2010-2018,2019,"Jun., 2019",0.9,0.9,0.0
Pneumonia/Sepsis,anchored_quadratic_month_fe_30,2019,2010-2018,2019,"Jul., 2019",0.8,0.8,0.0
Pneumonia/Sepsis,anchored_quadratic_month_fe_30,2019,2010-2018,2019,"Aug., 2019",0.8,0.8,0.0
Pneumonia/Sepsis,anchored_quadratic_month_fe_30,2019,2010-2018,2019,"Sep., 2019",0.8,0.8,0.0
Pneumonia/Sepsis,anchored_quadratic_month_fe_30,2019,2010-2018,2019,"Oct., 2019",0.8,0.9,-0.1
Pneumonia/Sepsis,anchored_quadratic_month_fe_30,2019,2010-2018,2019,"Nov., 2019",0.9,0.9,0.0
Pneumonia/Sepsis,anchored_quadratic_month_fe_30,2019,2010-2018,2019,"Dec., 2019",1.0,1.1,-0.1
Pneumonia/Sepsis,anchored_quadratic_month_fe_30,,2010-2019,2020,"Jan., 2020",1.2,1.2,0.0
Pneumonia/Sepsis,anchored_quadratic_month_fe_30,,2010-2019,2020,"Feb., 2020",1.0,1.1,-0.1
Pneumonia/Sepsis,anchored_quadratic_month_fe_30,,2010-2019,2020,"Mar., 2020",1.2,1.1,0.1
Pneumonia/Sepsis,anchored_quadratic_month_fe_30,,2010-2019,2020,"Apr., 2020",1.7,0.9,0.8
Pneumonia/Sepsis,anchored_quadratic_month_fe_30,,2010-2019,2020,"May, 2020",1.3,0.9,0.4
Pneumonia/Sepsis,anchored_quadratic_month_fe_30,,2010-2019,2020,"Jun., 2020",1.0,0.8,0.2
Pneumonia/Sepsis,anchored_quadratic_month_fe_30,,2010-2019,2020,"Jul., 2020",1.3,0.8,0.5
Pneumonia/Sepsis,anchored_quadratic_month_fe_30,,2010-2019,2020,"Aug., 2020",1.4,0.8,0.6
Pneumonia/Sepsis,anchored_quadratic_month_fe_30,,2010-2019,2020,"Sep., 2020",1.1,0.8,0.3
Pneumonia/Sepsis,anchored_quadratic_month_fe_30,,2010-2019,2020,"Oct., 2020",1.2,0.9,0.3
Pneumonia/Sepsis,anchored_quadratic_month_fe_30,,2010-2019,2020,"Nov., 2020",1.6,0.9,0.7
Pneumonia/Sepsis,anchored_quadratic_month_fe_30,,2010-2019,2020,"Dec., 2020",2.3,1.0,1.3
Pneumonia/Sepsis,anchored_quadratic_month_fe_30,,2010-2019,2021,"Jan., 2021",2.6,1.2,1.4
Pneumonia/Sepsis,anchored_quadratic_month_fe_30,,2010-2019,2021,"Feb., 2021",1.7,1.0,0.7
Pneumonia/Sepsis,anchored_quadratic_month_fe_30,,2010-2019,2021,"Mar., 2021",1.3,1.1,0.2
Pneumonia/Sepsis,anchored_quadratic_month_fe_30,,2010-2019,2021,"Apr., 2021",1.1,0.9,0.2
Pneumonia/Sepsis,anchored_quadratic_month_fe_30,,2010-2019,2021,"May, 2021",1.1,0.9,0.2
Pneumonia/Sepsis,anchored_quadratic_month_fe_30,,2010-2019,2021,"Jun., 2021",1.0,0.8,0.2
Pneumonia/Sepsis,anchored_quadratic_month_fe_30,,2010-2019,2021,"Jul., 2021",1.1,0.8,0.3
Pneumonia/Sepsis,anchored_quadratic_month_fe_30,,2010-2019,2021,"Aug., 2021",1.8,0.8,1.0
Pneumonia/Sepsis,anchored_quadratic_month_fe_30,,2010-2019,2021,"Sep., 2021",2.2,0.8,1.4
Pneumonia/Sepsis,anchored_quadratic_month_fe_30,,2010-2019,2021,"Oct., 2021",1.8,0.8,1.0
Pneumonia/Sepsis,anchored_quadratic_month_fe_30,,2010-2019,2021,"Nov., 2021",1.5,0.8,0.7
Pneumonia/Sepsis,anchored_quadratic_month_fe_30,,2010-2019,2021,"Dec., 2021",1.8,1.0,0.8
Pneumonia/Sepsis,anchored_quadratic_month_fe_30,,2010-2019,2022,"Jan., 2022",2.3,1.2,1.1
Pneumonia/Sepsis,anchored_quadratic_month_fe_30,,2010-2019,2022,"Feb., 2022",1.7,1.0,0.7
Pneumonia/Sepsis,anchored_quadratic_month_fe_30,,2010-2019,2022,"Mar., 2022",1.1,1.0,0.1
Pneumonia/Sepsis,anchored_quadratic_month_fe_30,,2010-2019,2022,"Apr., 2022",0.9,0.9,0.0
Pneumonia/Sepsis,anchored_quadratic_month_fe_30,,2010-2019,2022,"May, 2022",0.9,0.8,0.1
Pneumonia/Sepsis,anchored_quadratic_month_fe_30,,2010-2019,2022,"Jun., 2022",0.9,0.8,0.1
Pneumonia/Sepsis,anchored_quadratic_month_fe_30,,2010-2019,2022,"Jul., 2022",0.9,0.7,0.2
Pneumonia/Sepsis,anchored_quadratic_month_fe_30,,2010-2019,2022,"Aug., 2022",0.9,0.7,0.2
Pneumonia/Sepsis,anchored_quadratic_month_fe_30,,2010-2019,2022,"Sep., 2022",0.9,0.7,0.2
Pneumonia/Sepsis,anchored_quadratic_month_fe_30,,2010-2019,2022,"Oct., 2022",1.0,0.8,0.2
Pneumonia/Sepsis,anchored_quadratic_month_fe_30,,2010-2019,2022,"Nov., 2022",1.0,0.8,0.2
Pneumonia/Sepsis,anchored_quadratic_month_fe_30,,2010-2019,2022,"Dec., 2022",1.3,1.0,0.3
Pneumonia/Sepsis,anchored_quadratic_month_fe_30,,2010-2019,2023,"Jan., 2023",1.3,1.2,0.1
Pneumonia/Sepsis,anchored_quadratic_month_fe_30,,2010-2019,2023,"Feb., 2023",1.0,1.0,0.0
Pneumonia/Sepsis,anchored_quadratic_month_fe_30,,2010-2019,2023,"Mar., 2023",1.0,1.0,0.0
Pneumonia/Sepsis,anchored_quadratic_month_fe_30,,2010-2019,2023,"Apr., 2023",1.0,0.9,0.1
Pneumonia/Sepsis,anchored_quadratic_month_fe_30,,2010-2019,2023,"May, 2023",0.9,0.8,0.1
Pneumonia/Sepsis,anchored_quadratic_month_fe_30,,2010-2019,2023,"Jun., 2023",0.8,0.7,0.1
Pneumonia/Sepsis,anchored_quadratic_month_fe_30,,2010-2019,2023,"Jul., 2023",0.8,0.7,0.1
Pneumonia/Sepsis,anchored_quadratic_month_fe_30,,2010-2019,2023,"Aug., 2023",0.8,0.7,0.1
Pneumonia/Sepsis,anchored_quadratic_month_fe_30,,2010-2019,2023,"Sep., 2023",0.9,0.7,0.2
Pneumonia/Sepsis,anchored_quadratic_month_fe_30,,2010-2019,2023,"Oct., 2023",0.9,0.8,0.1
Pneumonia/Sepsis,anchored_quadratic_month_fe_30,,2010-2019,2023,"Nov., 2023",1.0,0.8,0.2
Pneumonia/Sepsis,anchored_quadratic_month_fe_30,,2010-2019,2023,"Dec., 2023",1.2,0.9,0.3
Pneumonia/Sepsis,anchored_quadratic_month_fe_30,,2010-2019,2024,"Jan., 2024",1.3,1.1,0.2
Pneumonia/Sepsis,anchored_quadratic_month_fe_30,,2010-2019,2024,"Feb., 2024",1.0,0.9,0.1
Pneumonia/Sepsis,anchored_quadratic_month_fe_30,,2010-2019,2024,"Mar., 2024",1.0,1.0,0.0
Pneumonia/Sepsis,anchored_quadratic_month_fe_30,,2010-2019,2024,"Apr., 2024",0.9,0.8,0.1
Pneumonia/Sepsis,anchored_quadratic_month_fe_30,,2010-2019,2024,"May, 2024",0.9,0.8,0.1
Pneumonia/Sepsis,anchored_quadratic_month_fe_30,,2010-2019,2024,"Jun., 2024",0.9,0.7,0.2
Pneumonia/Sepsis,anchored_quadratic_month_fe_30,,2010-2019,2024,"Jul., 2024",0.9,0.7,0.2
Pneumonia/Sepsis,anchored_quadratic_month_fe_30,,2010-2019,2024,"Aug., 2024",0.9,0.7,0.2
Pneumonia/Sepsis,anchored_quadratic_month_fe_30,,2010-2019,2024,"Sep., 2024",0.8,0.6,0.2
Pneumonia/Sepsis,anchored_quadratic_month_fe_30,,2010-2019,2024,"Oct., 2024",0.9,0.7,0.2
Pneumonia/Sepsis,anchored_quadratic_month_fe_30,,2010-2019,2024,"Nov., 2024",0.9,0.7,0.2
Pneumonia/Sepsis,anchored_quadratic_month_fe_30,,2010-2019,2024,"Dec., 2024",1.1,0.9,0.2
Pneumonia/Sepsis,anchored_quadratic_month_fe_30,,2010-2019,2025,"Jan., 2025",1.3,1.1,0.2
Pneumonia/Sepsis,anchored_quadratic_month_fe_30,,2010-2019,2025,"Feb., 2025",1.1,0.9,0.2
Pneumonia/Sepsis,anchored_quadratic_month_fe_30,,2010-2019,2025,"Mar., 2025",1.1,0.9,0.2
Pneumonia/Sepsis,anchored_quadratic_month_fe_30,,2010-2019,2025,"Apr., 2025",0.9,0.8,0.1
Pneumonia/Sepsis,anchored_quadratic_month_fe_30,,2010-2019,2025,"May., 2025",0.9,0.7,0.2
Pneumonia/Sepsis,anchored_quadratic_month_fe_30,,2010-2019,2025,"Jun., 2025",0.8,0.7,0.1
Pneumonia/Sepsis,anchored_quadratic_month_fe_30,,2010-2019,2025,"Jul., 2025",0.8,0.6,0.2
Pneumonia/Sepsis,anchored_quadratic_month_fe_30,,2010-2019,2025,"Aug., 2025",0.8,0.6,0.2
Pneumonia/Sepsis,anchored_quadratic_month_fe_30,,2010-2019,2025,"Sep., 2025",0.8,0.6,0.2
Pneumonia/Sepsis,anchored_quadratic_month_fe_30,,2010-2019,2025,"Oct., 2025",0.9,0.7,0.2
Pneumonia/Sepsis,anchored_quadratic_month_fe_30,,2010-2019,2025,"Nov., 2025",0.9,0.7,0.2
Pneumonia/Sepsis,anchored_quadratic_month_fe_30,,2010-2019,2025,"Dec., 2025",1.0,0.9,0.1
