"Notes","MCD - ICD Sub-Chapter","MCD - ICD Sub-Chapter Code","Year","Year Code","Month","Month Code",Deaths,Population,Crude Rate,Crude Rate Lower 95% Confidence Interval,Crude Rate Upper 95% Confidence Interval
,"Influenza and pneumonia","J09-J18","2018","2018","Jan., 2018","2018/01",461,Not Applicable,Not Applicable,Not Applicable,Not Applicable
,"Influenza and pneumonia","J09-J18","2018","2018","Feb., 2018","2018/02",338,Not Applicable,Not Applicable,Not Applicable,Not Applicable
,"Influenza and pneumonia","J09-J18","2018","2018","Mar., 2018","2018/03",407,Not Applicable,Not Applicable,Not Applicable,Not Applicable
,"Influenza and pneumonia","J09-J18","2018","2018","Apr., 2018","2018/04",299,Not Applicable,Not Applicable,Not Applicable,Not Applicable
,"Influenza and pneumonia","J09-J18","2018","2018","May, 2018","2018/05",275,Not Applicable,Not Applicable,Not Applicable,Not Applicable
,"Influenza and pneumonia","J09-J18","2018","2018","Jun., 2018","2018/06",248,Not Applicable,Not Applicable,Not Applicable,Not Applicable
,"Influenza and pneumonia","J09-J18","2018","2018","Jul., 2018","2018/07",283,Not Applicable,Not Applicable,Not Applicable,Not Applicable
,"Influenza and pneumonia","J09-J18","2018","2018","Aug., 2018","2018/08",273,Not Applicable,Not Applicable,Not Applicable,Not Applicable
,"Influenza and pneumonia","J09-J18","2018","2018","Sep., 2018","2018/09",246,Not Applicable,Not Applicable,Not Applicable,Not Applicable
,"Influenza and pneumonia","J09-J18","2018","2018","Oct., 2018","2018/10",309,Not Applicable,Not Applicable,Not Applicable,Not Applicable
,"Influenza and pneumonia","J09-J18","2018","2018","Nov., 2018","2018/11",280,Not Applicable,Not Applicable,Not Applicable,Not Applicable
,"Influenza and pneumonia","J09-J18","2018","2018","Dec., 2018","2018/12",331,Not Applicable,Not Applicable,Not Applicable,Not Applicable
"Total","Influenza and pneumonia","J09-J18","2018","2018",,,3750,Not Applicable,Not Applicable,Not Applicable,Not Applicable
,"Influenza and pneumonia","J09-J18","2019","2019","Jan., 2019","2019/01",392,Not Applicable,Not Applicable,Not Applicable,Not Applicable
,"Influenza and pneumonia","J09-J18","2019","2019","Feb., 2019","2019/02",338,Not Applicable,Not Applicable,Not Applicable,Not Applicable
,"Influenza and pneumonia","J09-J18","2019","2019","Mar., 2019","2019/03",393,Not Applicable,Not Applicable,Not Applicable,Not Applicable
,"Influenza and pneumonia","J09-J18","2019","2019","Apr., 2019","2019/04",336,Not Applicable,Not Applicable,Not Applicable,Not Applicable
,"Influenza and pneumonia","J09-J18","2019","2019","May, 2019","2019/05",321,Not Applicable,Not Applicable,Not Applicable,Not Applicable
,"Influenza and pneumonia","J09-J18","2019","2019","Jun., 2019","2019/06",235,Not Applicable,Not Applicable,Not Applicable,Not Applicable
,"Influenza and pneumonia","J09-J18","2019","2019","Jul., 2019","2019/07",265,Not Applicable,Not Applicable,Not Applicable,Not Applicable
,"Influenza and pneumonia","J09-J18","2019","2019","Aug., 2019","2019/08",256,Not Applicable,Not Applicable,Not Applicable,Not Applicable
,"Influenza and pneumonia","J09-J18","2019","2019","Sep., 2019","2019/09",228,Not Applicable,Not Applicable,Not Applicable,Not Applicable
,"Influenza and pneumonia","J09-J18","2019","2019","Oct., 2019","2019/10",239,Not Applicable,Not Applicable,Not Applicable,Not Applicable
,"Influenza and pneumonia","J09-J18","2019","2019","Nov., 2019","2019/11",261,Not Applicable,Not Applicable,Not Applicable,Not Applicable
,"Influenza and pneumonia","J09-J18","2019","2019","Dec., 2019","2019/12",322,Not Applicable,Not Applicable,Not Applicable,Not Applicable
"Total","Influenza and pneumonia","J09-J18","2019","2019",,,3586,Not Applicable,Not Applicable,Not Applicable,Not Applicable
,"Influenza and pneumonia","J09-J18","2020","2020","Jan., 2020","2020/01",413,Not Applicable,Not Applicable,Not Applicable,Not Applicable
,"Influenza and pneumonia","J09-J18","2020","2020","Feb., 2020","2020/02",369,Not Applicable,Not Applicable,Not Applicable,Not Applicable
,"Influenza and pneumonia","J09-J18","2020","2020","Mar., 2020","2020/03",1389,Not Applicable,Not Applicable,Not Applicable,Not Applicable
,"Influenza and pneumonia","J09-J18","2020","2020","Apr., 2020","2020/04",6576,Not Applicable,Not Applicable,Not Applicable,Not Applicable
,"Influenza and pneumonia","J09-J18","2020","2020","May, 2020","2020/05",3008,Not Applicable,Not Applicable,Not Applicable,Not Applicable
,"Influenza and pneumonia","J09-J18","2020","2020","Jun., 2020","2020/06",1429,Not Applicable,Not Applicable,Not Applicable,Not Applicable
,"Influenza and pneumonia","J09-J18","2020","2020","Jul., 2020","2020/07",2399,Not Applicable,Not Applicable,Not Applicable,Not Applicable
,"Influenza and pneumonia","J09-J18","2020","2020","Aug., 2020","2020/08",2540,Not Applicable,Not Applicable,Not Applicable,Not Applicable
,"Influenza and pneumonia","J09-J18","2020","2020","Sep., 2020","2020/09",1515,Not Applicable,Not Applicable,Not Applicable,Not Applicable
,"Influenza and pneumonia","J09-J18","2020","2020","Oct., 2020","2020/10",1659,Not Applicable,Not Applicable,Not Applicable,Not Applicable
,"Influenza and pneumonia","J09-J18","2020","2020","Nov., 2020","2020/11",3172,Not Applicable,Not Applicable,Not Applicable,Not Applicable
,"Influenza and pneumonia","J09-J18","2020","2020","Dec., 2020","2020/12",5917,Not Applicable,Not Applicable,Not Applicable,Not Applicable
"Total","Influenza and pneumonia","J09-J18","2020","2020",,,30386,Not Applicable,Not Applicable,Not Applicable,Not Applicable
,"Influenza and pneumonia","J09-J18","2021","2021","Jan., 2021","2021/01",6789,Not Applicable,Not Applicable,Not Applicable,Not Applicable
,"Influenza and pneumonia","J09-J18","2021","2021","Feb., 2021","2021/02",3644,Not Applicable,Not Applicable,Not Applicable,Not Applicable
,"Influenza and pneumonia","J09-J18","2021","2021","Mar., 2021","2021/03",1916,Not Applicable,Not Applicable,Not Applicable,Not Applicable
,"Influenza and pneumonia","J09-J18","2021","2021","Apr., 2021","2021/04",1586,Not Applicable,Not Applicable,Not Applicable,Not Applicable
,"Influenza and pneumonia","J09-J18","2021","2021","May, 2021","2021/05",1421,Not Applicable,Not Applicable,Not Applicable,Not Applicable
,"Influenza and pneumonia","J09-J18","2021","2021","Jun., 2021","2021/06",971,Not Applicable,Not Applicable,Not Applicable,Not Applicable
,"Influenza and pneumonia","J09-J18","2021","2021","Jul., 2021","2021/07",1331,Not Applicable,Not Applicable,Not Applicable,Not Applicable
,"Influenza and pneumonia","J09-J18","2021","2021","Aug., 2021","2021/08",4576,Not Applicable,Not Applicable,Not Applicable,Not Applicable
,"Influenza and pneumonia","J09-J18","2021","2021","Sep., 2021","2021/09",6059,Not Applicable,Not Applicable,Not Applicable,Not Applicable
,"Influenza and pneumonia","J09-J18","2021","2021","Oct., 2021","2021/10",4235,Not Applicable,Not Applicable,Not Applicable,Not Applicable
,"Influenza and pneumonia","J09-J18","2021","2021","Nov., 2021","2021/11",2950,Not Applicable,Not Applicable,Not Applicable,Not Applicable
,"Influenza and pneumonia","J09-J18","2021","2021","Dec., 2021","2021/12",3773,Not Applicable,Not Applicable,Not Applicable,Not Applicable
"Total","Influenza and pneumonia","J09-J18","2021","2021",,,39251,Not Applicable,Not Applicable,Not Applicable,Not Applicable
,"Influenza and pneumonia","J09-J18","2022","2022","Jan., 2022","2022/01",4768,Not Applicable,Not Applicable,Not Applicable,Not Applicable
,"Influenza and pneumonia","J09-J18","2022","2022","Feb., 2022","2022/02",3026,Not Applicable,Not Applicable,Not Applicable,Not Applicable
,"Influenza and pneumonia","J09-J18","2022","2022","Mar., 2022","2022/03",1012,Not Applicable,Not Applicable,Not Applicable,Not Applicable
,"Influenza and pneumonia","J09-J18","2022","2022","Apr., 2022","2022/04",425,Not Applicable,Not Applicable,Not Applicable,Not Applicable
,"Influenza and pneumonia","J09-J18","2022","2022","May, 2022","2022/05",402,Not Applicable,Not Applicable,Not Applicable,Not Applicable
,"Influenza and pneumonia","J09-J18","2022","2022","Jun., 2022","2022/06",429,Not Applicable,Not Applicable,Not Applicable,Not Applicable
,"Influenza and pneumonia","J09-J18","2022","2022","Jul., 2022","2022/07",541,Not Applicable,Not Applicable,Not Applicable,Not Applicable
,"Influenza and pneumonia","J09-J18","2022","2022","Aug., 2022","2022/08",512,Not Applicable,Not Applicable,Not Applicable,Not Applicable
,"Influenza and pneumonia","J09-J18","2022","2022","Sep., 2022","2022/09",466,Not Applicable,Not Applicable,Not Applicable,Not Applicable
,"Influenza and pneumonia","J09-J18","2022","2022","Oct., 2022","2022/10",474,Not Applicable,Not Applicable,Not Applicable,Not Applicable
,"Influenza and pneumonia","J09-J18","2022","2022","Nov., 2022","2022/11",480,Not Applicable,Not Applicable,Not Applicable,Not Applicable
,"Influenza and pneumonia","J09-J18","2022","2022","Dec., 2022","2022/12",620,Not Applicable,Not Applicable,Not Applicable,Not Applicable
"Total","Influenza and pneumonia","J09-J18","2022","2022",,,13155,Not Applicable,Not Applicable,Not Applicable,Not Applicable
,"Influenza and pneumonia","J09-J18","2023","2023","Jan., 2023","2023/01",671,Not Applicable,Not Applicable,Not Applicable,Not Applicable
,"Influenza and pneumonia","J09-J18","2023","2023","Feb., 2023","2023/02",502,Not Applicable,Not Applicable,Not Applicable,Not Applicable
,"Influenza and pneumonia","J09-J18","2023","2023","Mar., 2023","2023/03",480,Not Applicable,Not Applicable,Not Applicable,Not Applicable
,"Influenza and pneumonia","J09-J18","2023","2023","Apr., 2023","2023/04",409,Not Applicable,Not Applicable,Not Applicable,Not Applicable
,"Influenza and pneumonia","J09-J18","2023","2023","May, 2023","2023/05",380,Not Applicable,Not Applicable,Not Applicable,Not Applicable
,"Influenza and pneumonia","J09-J18","2023","2023","Jun., 2023","2023/06",321,Not Applicable,Not Applicable,Not Applicable,Not Applicable
,"Influenza and pneumonia","J09-J18","2023","2023","Jul., 2023","2023/07",304,Not Applicable,Not Applicable,Not Applicable,Not Applicable
,"Influenza and pneumonia","J09-J18","2023","2023","Aug., 2023","2023/08",387,Not Applicable,Not Applicable,Not Applicable,Not Applicable
,"Influenza and pneumonia","J09-J18","2023","2023","Sep., 2023","2023/09",426,Not Applicable,Not Applicable,Not Applicable,Not Applicable
,"Influenza and pneumonia","J09-J18","2023","2023","Oct., 2023","2023/10",458,Not Applicable,Not Applicable,Not Applicable,Not Applicable
,"Influenza and pneumonia","J09-J18","2023","2023","Nov., 2023","2023/11",426,Not Applicable,Not Applicable,Not Applicable,Not Applicable
,"Influenza and pneumonia","J09-J18","2023","2023","Dec., 2023","2023/12",526,Not Applicable,Not Applicable,Not Applicable,Not Applicable
"Total","Influenza and pneumonia","J09-J18","2023","2023",,,5290,Not Applicable,Not Applicable,Not Applicable,Not Applicable
,"Influenza and pneumonia","J09-J18","2024","2024","Jan., 2024","2024/01",641,Not Applicable,Not Applicable,Not Applicable,Not Applicable
,"Influenza and pneumonia","J09-J18","2024","2024","Feb., 2024","2024/02",442,Not Applicable,Not Applicable,Not Applicable,Not Applicable
,"Influenza and pneumonia","J09-J18","2024","2024","Mar., 2024","2024/03",443,Not Applicable,Not Applicable,Not Applicable,Not Applicable
,"Influenza and pneumonia","J09-J18","2024","2024","Apr., 2024","2024/04",398,Not Applicable,Not Applicable,Not Applicable,Not Applicable
,"Influenza and pneumonia","J09-J18","2024","2024","May, 2024","2024/05",361,Not Applicable,Not Applicable,Not Applicable,Not Applicable
,"Influenza and pneumonia","J09-J18","2024","2024","Jun., 2024","2024/06",336,Not Applicable,Not Applicable,Not Applicable,Not Applicable
,"Influenza and pneumonia","J09-J18","2024","2024","Jul., 2024","2024/07",339,Not Applicable,Not Applicable,Not Applicable,Not Applicable
,"Influenza and pneumonia","J09-J18","2024","2024","Aug., 2024","2024/08",362,Not Applicable,Not Applicable,Not Applicable,Not Applicable
,"Influenza and pneumonia","J09-J18","2024","2024","Sep., 2024","2024/09",369,Not Applicable,Not Applicable,Not Applicable,Not Applicable
,"Influenza and pneumonia","J09-J18","2024","2024","Oct., 2024","2024/10",402,Not Applicable,Not Applicable,Not Applicable,Not Applicable
,"Influenza and pneumonia","J09-J18","2024","2024","Nov., 2024","2024/11",328,Not Applicable,Not Applicable,Not Applicable,Not Applicable
,"Influenza and pneumonia","J09-J18","2024","2024","Dec., 2024","2024/12",400,Not Applicable,Not Applicable,Not Applicable,Not Applicable
"Total","Influenza and pneumonia","J09-J18","2024","2024",,,4821,Not Applicable,Not Applicable,Not Applicable,Not Applicable
,"Influenza and pneumonia","J09-J18","2025 (provisional)","2025","Jan., 2025 (provisional)","2025/01",518,Not Applicable,Not Applicable,Not Applicable,Not Applicable
,"Influenza and pneumonia","J09-J18","2025 (provisional)","2025","Feb., 2025 (provisional)","2025/02",446,Not Applicable,Not Applicable,Not Applicable,Not Applicable
,"Influenza and pneumonia","J09-J18","2025 (provisional)","2025","Mar., 2025 (provisional)","2025/03",423,Not Applicable,Not Applicable,Not Applicable,Not Applicable
,"Influenza and pneumonia","J09-J18","2025 (provisional)","2025","Apr., 2025 (provisional)","2025/04",385,Not Applicable,Not Applicable,Not Applicable,Not Applicable
,"Influenza and pneumonia","J09-J18","2025 (provisional)","2025","May., 2025 (provisional)","2025/05",331,Not Applicable,Not Applicable,Not Applicable,Not Applicable
,"Influenza and pneumonia","J09-J18","2025 (provisional)","2025","Jun., 2025 (provisional)","2025/06",308,Not Applicable,Not Applicable,Not Applicable,Not Applicable
,"Influenza and pneumonia","J09-J18","2025 (provisional)","2025","Jul., 2025 (provisional)","2025/07",325,Not Applicable,Not Applicable,Not Applicable,Not Applicable
,"Influenza and pneumonia","J09-J18","2025 (provisional)","2025","Aug., 2025 (provisional)","2025/08",260,Not Applicable,Not Applicable,Not Applicable,Not Applicable
,"Influenza and pneumonia","J09-J18","2025 (provisional)","2025","Sep., 2025 (provisional)","2025/09",305,Not Applicable,Not Applicable,Not Applicable,Not Applicable
,"Influenza and pneumonia","J09-J18","2025 (provisional)","2025","Oct., 2025 (provisional)","2025/10",321,Not Applicable,Not Applicable,Not Applicable,Not Applicable
,"Influenza and pneumonia","J09-J18","2025 (provisional)","2025","Nov., 2025 (provisional)","2025/11",323,Not Applicable,Not Applicable,Not Applicable,Not Applicable
,"Influenza and pneumonia","J09-J18","2025 (provisional)","2025","Dec., 2025 (provisional)","2025/12",351,Not Applicable,Not Applicable,Not Applicable,Not Applicable
"Total","Influenza and pneumonia","J09-J18","2025 (provisional)","2025",,,4296,Not Applicable,Not Applicable,Not Applicable,Not Applicable
"Total","Influenza and pneumonia","J09-J18",,,,,104535,Not Applicable,Not Applicable,Not Applicable,Not Applicable
,"Other respiratory diseases principally affecting the interstitium","J80-J84","2018","2018","Jan., 2018","2018/01",447,Not Applicable,Not Applicable,Not Applicable,Not Applicable
,"Other respiratory diseases principally affecting the interstitium","J80-J84","2018","2018","Feb., 2018","2018/02",329,Not Applicable,Not Applicable,Not Applicable,Not Applicable
,"Other respiratory diseases principally affecting the interstitium","J80-J84","2018","2018","Mar., 2018","2018/03",398,Not Applicable,Not Applicable,Not Applicable,Not Applicable
,"Other respiratory diseases principally affecting the interstitium","J80-J84","2018","2018","Apr., 2018","2018/04",297,Not Applicable,Not Applicable,Not Applicable,Not Applicable
,"Other respiratory diseases principally affecting the interstitium","J80-J84","2018","2018","May, 2018","2018/05",272,Not Applicable,Not Applicable,Not Applicable,Not Applicable
,"Other respiratory diseases principally affecting the interstitium","J80-J84","2018","2018","Jun., 2018","2018/06",247,Not Applicable,Not Applicable,Not Applicable,Not Applicable
,"Other respiratory diseases principally affecting the interstitium","J80-J84","2018","2018","Jul., 2018","2018/07",281,Not Applicable,Not Applicable,Not Applicable,Not Applicable
,"Other respiratory diseases principally affecting the interstitium","J80-J84","2018","2018","Aug., 2018","2018/08",271,Not Applicable,Not Applicable,Not Applicable,Not Applicable
,"Other respiratory diseases principally affecting the interstitium","J80-J84","2018","2018","Sep., 2018","2018/09",242,Not Applicable,Not Applicable,Not Applicable,Not Applicable
,"Other respiratory diseases principally affecting the interstitium","J80-J84","2018","2018","Oct., 2018","2018/10",308,Not Applicable,Not Applicable,Not Applicable,Not Applicable
,"Other respiratory diseases principally affecting the interstitium","J80-J84","2018","2018","Nov., 2018","2018/11",279,Not Applicable,Not Applicable,Not Applicable,Not Applicable
,"Other respiratory diseases principally affecting the interstitium","J80-J84","2018","2018","Dec., 2018","2018/12",326,Not Applicable,Not Applicable,Not Applicable,Not Applicable
"Total","Other respiratory diseases principally affecting the interstitium","J80-J84","2018","2018",,,3697,Not Applicable,Not Applicable,Not Applicable,Not Applicable
,"Other respiratory diseases principally affecting the interstitium","J80-J84","2019","2019","Jan., 2019","2019/01",386,Not Applicable,Not Applicable,Not Applicable,Not Applicable
,"Other respiratory diseases principally affecting the interstitium","J80-J84","2019","2019","Feb., 2019","2019/02",335,Not Applicable,Not Applicable,Not Applicable,Not Applicable
,"Other respiratory diseases principally affecting the interstitium","J80-J84","2019","2019","Mar., 2019","2019/03",388,Not Applicable,Not Applicable,Not Applicable,Not Applicable
,"Other respiratory diseases principally affecting the interstitium","J80-J84","2019","2019","Apr., 2019","2019/04",331,Not Applicable,Not Applicable,Not Applicable,Not Applicable
,"Other respiratory diseases principally affecting the interstitium","J80-J84","2019","2019","May, 2019","2019/05",314,Not Applicable,Not Applicable,Not Applicable,Not Applicable
,"Other respiratory diseases principally affecting the interstitium","J80-J84","2019","2019","Jun., 2019","2019/06",232,Not Applicable,Not Applicable,Not Applicable,Not Applicable
,"Other respiratory diseases principally affecting the interstitium","J80-J84","2019","2019","Jul., 2019","2019/07",263,Not Applicable,Not Applicable,Not Applicable,Not Applicable
,"Other respiratory diseases principally affecting the interstitium","J80-J84","2019","2019","Aug., 2019","2019/08",248,Not Applicable,Not Applicable,Not Applicable,Not Applicable
,"Other respiratory diseases principally affecting the interstitium","J80-J84","2019","2019","Sep., 2019","2019/09",226,Not Applicable,Not Applicable,Not Applicable,Not Applicable
,"Other respiratory diseases principally affecting the interstitium","J80-J84","2019","2019","Oct., 2019","2019/10",235,Not Applicable,Not Applicable,Not Applicable,Not Applicable
,"Other respiratory diseases principally affecting the interstitium","J80-J84","2019","2019","Nov., 2019","2019/11",259,Not Applicable,Not Applicable,Not Applicable,Not Applicable
,"Other respiratory diseases principally affecting the interstitium","J80-J84","2019","2019","Dec., 2019","2019/12",317,Not Applicable,Not Applicable,Not Applicable,Not Applicable
"Total","Other respiratory diseases principally affecting the interstitium","J80-J84","2019","2019",,,3534,Not Applicable,Not Applicable,Not Applicable,Not Applicable
,"Other respiratory diseases principally affecting the interstitium","J80-J84","2020","2020","Jan., 2020","2020/01",403,Not Applicable,Not Applicable,Not Applicable,Not Applicable
,"Other respiratory diseases principally affecting the interstitium","J80-J84","2020","2020","Feb., 2020","2020/02",361,Not Applicable,Not Applicable,Not Applicable,Not Applicable
,"Other respiratory diseases principally affecting the interstitium","J80-J84","2020","2020","Mar., 2020","2020/03",1374,Not Applicable,Not Applicable,Not Applicable,Not Applicable
,"Other respiratory diseases principally affecting the interstitium","J80-J84","2020","2020","Apr., 2020","2020/04",6509,Not Applicable,Not Applicable,Not Applicable,Not Applicable
,"Other respiratory diseases principally affecting the interstitium","J80-J84","2020","2020","May, 2020","2020/05",2949,Not Applicable,Not Applicable,Not Applicable,Not Applicable
,"Other respiratory diseases principally affecting the interstitium","J80-J84","2020","2020","Jun., 2020","2020/06",1381,Not Applicable,Not Applicable,Not Applicable,Not Applicable
,"Other respiratory diseases principally affecting the interstitium","J80-J84","2020","2020","Jul., 2020","2020/07",2352,Not Applicable,Not Applicable,Not Applicable,Not Applicable
,"Other respiratory diseases principally affecting the interstitium","J80-J84","2020","2020","Aug., 2020","2020/08",2466,Not Applicable,Not Applicable,Not Applicable,Not Applicable
,"Other respiratory diseases principally affecting the interstitium","J80-J84","2020","2020","Sep., 2020","2020/09",1461,Not Applicable,Not Applicable,Not Applicable,Not Applicable
,"Other respiratory diseases principally affecting the interstitium","J80-J84","2020","2020","Oct., 2020","2020/10",1590,Not Applicable,Not Applicable,Not Applicable,Not Applicable
,"Other respiratory diseases principally affecting the interstitium","J80-J84","2020","2020","Nov., 2020","2020/11",3045,Not Applicable,Not Applicable,Not Applicable,Not Applicable
,"Other respiratory diseases principally affecting the interstitium","J80-J84","2020","2020","Dec., 2020","2020/12",5697,Not Applicable,Not Applicable,Not Applicable,Not Applicable
"Total","Other respiratory diseases principally affecting the interstitium","J80-J84","2020","2020",,,29588,Not Applicable,Not Applicable,Not Applicable,Not Applicable
,"Other respiratory diseases principally affecting the interstitium","J80-J84","2021","2021","Jan., 2021","2021/01",6534,Not Applicable,Not Applicable,Not Applicable,Not Applicable
,"Other respiratory diseases principally affecting the interstitium","J80-J84","2021","2021","Feb., 2021","2021/02",3486,Not Applicable,Not Applicable,Not Applicable,Not Applicable
,"Other respiratory diseases principally affecting the interstitium","J80-J84","2021","2021","Mar., 2021","2021/03",1823,Not Applicable,Not Applicable,Not Applicable,Not Applicable
,"Other respiratory diseases principally affecting the interstitium","J80-J84","2021","2021","Apr., 2021","2021/04",1510,Not Applicable,Not Applicable,Not Applicable,Not Applicable
,"Other respiratory diseases principally affecting the interstitium","J80-J84","2021","2021","May, 2021","2021/05",1345,Not Applicable,Not Applicable,Not Applicable,Not Applicable
,"Other respiratory diseases principally affecting the interstitium","J80-J84","2021","2021","Jun., 2021","2021/06",929,Not Applicable,Not Applicable,Not Applicable,Not Applicable
,"Other respiratory diseases principally affecting the interstitium","J80-J84","2021","2021","Jul., 2021","2021/07",1259,Not Applicable,Not Applicable,Not Applicable,Not Applicable
,"Other respiratory diseases principally affecting the interstitium","J80-J84","2021","2021","Aug., 2021","2021/08",4366,Not Applicable,Not Applicable,Not Applicable,Not Applicable
,"Other respiratory diseases principally affecting the interstitium","J80-J84","2021","2021","Sep., 2021","2021/09",5713,Not Applicable,Not Applicable,Not Applicable,Not Applicable
,"Other respiratory diseases principally affecting the interstitium","J80-J84","2021","2021","Oct., 2021","2021/10",3912,Not Applicable,Not Applicable,Not Applicable,Not Applicable
,"Other respiratory diseases principally affecting the interstitium","J80-J84","2021","2021","Nov., 2021","2021/11",2731,Not Applicable,Not Applicable,Not Applicable,Not Applicable
,"Other respiratory diseases principally affecting the interstitium","J80-J84","2021","2021","Dec., 2021","2021/12",3539,Not Applicable,Not Applicable,Not Applicable,Not Applicable
"Total","Other respiratory diseases principally affecting the interstitium","J80-J84","2021","2021",,,37147,Not Applicable,Not Applicable,Not Applicable,Not Applicable
,"Other respiratory diseases principally affecting the interstitium","J80-J84","2022","2022","Jan., 2022","2022/01",4510,Not Applicable,Not Applicable,Not Applicable,Not Applicable
,"Other respiratory diseases principally affecting the interstitium","J80-J84","2022","2022","Feb., 2022","2022/02",2828,Not Applicable,Not Applicable,Not Applicable,Not Applicable
,"Other respiratory diseases principally affecting the interstitium","J80-J84","2022","2022","Mar., 2022","2022/03",943,Not Applicable,Not Applicable,Not Applicable,Not Applicable
,"Other respiratory diseases principally affecting the interstitium","J80-J84","2022","2022","Apr., 2022","2022/04",406,Not Applicable,Not Applicable,Not Applicable,Not Applicable
,"Other respiratory diseases principally affecting the interstitium","J80-J84","2022","2022","May, 2022","2022/05",385,Not Applicable,Not Applicable,Not Applicable,Not Applicable
,"Other respiratory diseases principally affecting the interstitium","J80-J84","2022","2022","Jun., 2022","2022/06",410,Not Applicable,Not Applicable,Not Applicable,Not Applicable
,"Other respiratory diseases principally affecting the interstitium","J80-J84","2022","2022","Jul., 2022","2022/07",518,Not Applicable,Not Applicable,Not Applicable,Not Applicable
,"Other respiratory diseases principally affecting the interstitium","J80-J84","2022","2022","Aug., 2022","2022/08",484,Not Applicable,Not Applicable,Not Applicable,Not Applicable
,"Other respiratory diseases principally affecting the interstitium","J80-J84","2022","2022","Sep., 2022","2022/09",445,Not Applicable,Not Applicable,Not Applicable,Not Applicable
,"Other respiratory diseases principally affecting the interstitium","J80-J84","2022","2022","Oct., 2022","2022/10",452,Not Applicable,Not Applicable,Not Applicable,Not Applicable
,"Other respiratory diseases principally affecting the interstitium","J80-J84","2022","2022","Nov., 2022","2022/11",459,Not Applicable,Not Applicable,Not Applicable,Not Applicable
,"Other respiratory diseases principally affecting the interstitium","J80-J84","2022","2022","Dec., 2022","2022/12",595,Not Applicable,Not Applicable,Not Applicable,Not Applicable
"Total","Other respiratory diseases principally affecting the interstitium","J80-J84","2022","2022",,,12435,Not Applicable,Not Applicable,Not Applicable,Not Applicable
,"Other respiratory diseases principally affecting the interstitium","J80-J84","2023","2023","Jan., 2023","2023/01",636,Not Applicable,Not Applicable,Not Applicable,Not Applicable
,"Other respiratory diseases principally affecting the interstitium","J80-J84","2023","2023","Feb., 2023","2023/02",479,Not Applicable,Not Applicable,Not Applicable,Not Applicable
,"Other respiratory diseases principally affecting the interstitium","J80-J84","2023","2023","Mar., 2023","2023/03",453,Not Applicable,Not Applicable,Not Applicable,Not Applicable
,"Other respiratory diseases principally affecting the interstitium","J80-J84","2023","2023","Apr., 2023","2023/04",396,Not Applicable,Not Applicable,Not Applicable,Not Applicable
,"Other respiratory diseases principally affecting the interstitium","J80-J84","2023","2023","May, 2023","2023/05",367,Not Applicable,Not Applicable,Not Applicable,Not Applicable
,"Other respiratory diseases principally affecting the interstitium","J80-J84","2023","2023","Jun., 2023","2023/06",307,Not Applicable,Not Applicable,Not Applicable,Not Applicable
,"Other respiratory diseases principally affecting the interstitium","J80-J84","2023","2023","Jul., 2023","2023/07",297,Not Applicable,Not Applicable,Not Applicable,Not Applicable
,"Other respiratory diseases principally affecting the interstitium","J80-J84","2023","2023","Aug., 2023","2023/08",371,Not Applicable,Not Applicable,Not Applicable,Not Applicable
,"Other respiratory diseases principally affecting the interstitium","J80-J84","2023","2023","Sep., 2023","2023/09",412,Not Applicable,Not Applicable,Not Applicable,Not Applicable
,"Other respiratory diseases principally affecting the interstitium","J80-J84","2023","2023","Oct., 2023","2023/10",436,Not Applicable,Not Applicable,Not Applicable,Not Applicable
,"Other respiratory diseases principally affecting the interstitium","J80-J84","2023","2023","Nov., 2023","2023/11",403,Not Applicable,Not Applicable,Not Applicable,Not Applicable
,"Other respiratory diseases principally affecting the interstitium","J80-J84","2023","2023","Dec., 2023","2023/12",510,Not Applicable,Not Applicable,Not Applicable,Not Applicable
"Total","Other respiratory diseases principally affecting the interstitium","J80-J84","2023","2023",,,5067,Not Applicable,Not Applicable,Not Applicable,Not Applicable
,"Other respiratory diseases principally affecting the interstitium","J80-J84","2024","2024","Jan., 2024","2024/01",605,Not Applicable,Not Applicable,Not Applicable,Not Applicable
,"Other respiratory diseases principally affecting the interstitium","J80-J84","2024","2024","Feb., 2024","2024/02",432,Not Applicable,Not Applicable,Not Applicable,Not Applicable
,"Other respiratory diseases principally affecting the interstitium","J80-J84","2024","2024","Mar., 2024","2024/03",426,Not Applicable,Not Applicable,Not Applicable,Not Applicable
,"Other respiratory diseases principally affecting the interstitium","J80-J84","2024","2024","Apr., 2024","2024/04",383,Not Applicable,Not Applicable,Not Applicable,Not Applicable
,"Other respiratory diseases principally affecting the interstitium","J80-J84","2024","2024","May, 2024","2024/05",353,Not Applicable,Not Applicable,Not Applicable,Not Applicable
,"Other respiratory diseases principally affecting the interstitium","J80-J84","2024","2024","Jun., 2024","2024/06",325,Not Applicable,Not Applicable,Not Applicable,Not Applicable
,"Other respiratory diseases principally affecting the interstitium","J80-J84","2024","2024","Jul., 2024","2024/07",332,Not Applicable,Not Applicable,Not Applicable,Not Applicable
,"Other respiratory diseases principally affecting the interstitium","J80-J84","2024","2024","Aug., 2024","2024/08",349,Not Applicable,Not Applicable,Not Applicable,Not Applicable
,"Other respiratory diseases principally affecting the interstitium","J80-J84","2024","2024","Sep., 2024","2024/09",360,Not Applicable,Not Applicable,Not Applicable,Not Applicable
,"Other respiratory diseases principally affecting the interstitium","J80-J84","2024","2024","Oct., 2024","2024/10",387,Not Applicable,Not Applicable,Not Applicable,Not Applicable
,"Other respiratory diseases principally affecting the interstitium","J80-J84","2024","2024","Nov., 2024","2024/11",323,Not Applicable,Not Applicable,Not Applicable,Not Applicable
,"Other respiratory diseases principally affecting the interstitium","J80-J84","2024","2024","Dec., 2024","2024/12",389,Not Applicable,Not Applicable,Not Applicable,Not Applicable
"Total","Other respiratory diseases principally affecting the interstitium","J80-J84","2024","2024",,,4664,Not Applicable,Not Applicable,Not Applicable,Not Applicable
,"Other respiratory diseases principally affecting the interstitium","J80-J84","2025 (provisional)","2025","Jan., 2025 (provisional)","2025/01",497,Not Applicable,Not Applicable,Not Applicable,Not Applicable
,"Other respiratory diseases principally affecting the interstitium","J80-J84","2025 (provisional)","2025","Feb., 2025 (provisional)","2025/02",429,Not Applicable,Not Applicable,Not Applicable,Not Applicable
,"Other respiratory diseases principally affecting the interstitium","J80-J84","2025 (provisional)","2025","Mar., 2025 (provisional)","2025/03",408,Not Applicable,Not Applicable,Not Applicable,Not Applicable
,"Other respiratory diseases principally affecting the interstitium","J80-J84","2025 (provisional)","2025","Apr., 2025 (provisional)","2025/04",377,Not Applicable,Not Applicable,Not Applicable,Not Applicable
,"Other respiratory diseases principally affecting the interstitium","J80-J84","2025 (provisional)","2025","May., 2025 (provisional)","2025/05",322,Not Applicable,Not Applicable,Not Applicable,Not Applicable
,"Other respiratory diseases principally affecting the interstitium","J80-J84","2025 (provisional)","2025","Jun., 2025 (provisional)","2025/06",303,Not Applicable,Not Applicable,Not Applicable,Not Applicable
,"Other respiratory diseases principally affecting the interstitium","J80-J84","2025 (provisional)","2025","Jul., 2025 (provisional)","2025/07",316,Not Applicable,Not Applicable,Not Applicable,Not Applicable
,"Other respiratory diseases principally affecting the interstitium","J80-J84","2025 (provisional)","2025","Aug., 2025 (provisional)","2025/08",253,Not Applicable,Not Applicable,Not Applicable,Not Applicable
,"Other respiratory diseases principally affecting the interstitium","J80-J84","2025 (provisional)","2025","Sep., 2025 (provisional)","2025/09",298,Not Applicable,Not Applicable,Not Applicable,Not Applicable
,"Other respiratory diseases principally affecting the interstitium","J80-J84","2025 (provisional)","2025","Oct., 2025 (provisional)","2025/10",317,Not Applicable,Not Applicable,Not Applicable,Not Applicable
,"Other respiratory diseases principally affecting the interstitium","J80-J84","2025 (provisional)","2025","Nov., 2025 (provisional)","2025/11",316,Not Applicable,Not Applicable,Not Applicable,Not Applicable
,"Other respiratory diseases principally affecting the interstitium","J80-J84","2025 (provisional)","2025","Dec., 2025 (provisional)","2025/12",345,Not Applicable,Not Applicable,Not Applicable,Not Applicable
"Total","Other respiratory diseases principally affecting the interstitium","J80-J84","2025 (provisional)","2025",,,4181,Not Applicable,Not Applicable,Not Applicable,Not Applicable
"Total","Other respiratory diseases principally affecting the interstitium","J80-J84",,,,,100313,Not Applicable,Not Applicable,Not Applicable,Not Applicable
"Total",,,,,,,204848,Not Applicable,Not Applicable,Not Applicable,Not Applicable
"---"
"Dataset: Provisional Mortality Statistics, 2018 through Last Week"
"Query Parameters:"
"MCD - ICD-10 Codes: J80 (Adult respiratory distress syndrome)"
"MCD - ICD-10 Codes: AND"
"MCD - ICD-10 Codes: J12.0 (Adenoviral pneumonia); J12.1 (Respiratory syncytial virus pneumonia); J12.2 (Parainfluenza virus"
"pneumonia); J12.3 (Human metapneumovirus pneumonia); J12.8 (Other viral pneumonia); J12.9 (Viral pneumonia, unspecified); J13"
"(Pneumonia due to Streptococcus pneumoniae); J14 (Pneumonia due to Haemophilus influenzae); J15.0 (Pneumonia due to Klebsiella"
"pneumoniae); J15.1 (Pneumonia due to Pseudomonas); J15.2 (Pneumonia due to staphylococcus); J15.3 (Pneumonia due to"
"streptococcus, group B); J15.4 (Pneumonia due to other streptococci); J15.5 (Pneumonia due to Escherichia coli); J15.6"
"(Pneumonia due to other aerobic Gram-negative bacteria); J15.7 (Pneumonia due to Mycoplasma pneumoniae); J15.8 (Other bacterial"
"pneumonia); J15.9 (Bacterial pneumonia, unspecified); J16.0 (Chlamydial pneumonia); J16.8 (Pneumonia due to other specified"
"infectious organisms); J18.0 (Bronchopneumonia, unspecified); J18.1 (Lobar pneumonia, unspecified); J18.2 (Hypostatic pneumonia,"
"unspecified); J18.8 (Other pneumonia, organism unspecified); J18.9 (Pneumonia, unspecified)"
"Year/Month: 2018; 2019; 2020; 2021; 2022; 2023; 2024; 2025 (provisional)"
"Group By: MCD - ICD Sub-Chapter; Year; Month"
"Show Totals: True"
"Show Zero Values: False"
"Show Suppressed: True"
"Calculate Rates Per: 100,000"
"Rate Options: Default intercensal populations for years 2001-2009 (except Infant Age Groups)"
"---"
"Help: See http://wonder.cdc.gov/wonder/help/mcd-provisional.html for more information."
"---"
"Query Date: Apr 13, 2026 7:23:52 PM"
"---"
"Suggested Citation: Centers for Disease Control and Prevention, National Center for Health Statistics. National Vital Statistics"
"System, Provisional Mortality on CDC WONDER Online Database. Data are from the final Multiple Cause of Death Files, 2018-2024,"
"and from provisional data for years 2025 and later, as compiled from data provided by the 57 vital statistics jurisdictions"
"through the Vital Statistics Cooperative Program. Accessed at http://wonder.cdc.gov/mcd-icd10-provisional.html on Apr 13, 2026"
"7:23:52 PM"
"---"
Footnotes:
"1. Totals and sub-totals show the frequency of the selected causes of death, which may be greater than the number of deaths."
"Note that any single death record may have up to 20 causes. More information."
"---"
Caveats:
"1. Population and rates are labeled 'Not Applicable' when location of Death's Occurrence, Autopsy, Place of Death, Weekday or"
"Month are grouped by or limited, due to lack of a valid population. More information:"
"http://wonder.cdc.gov/wonder/help/mcd-provisional.html#NotApplicableRates."
"2. These items in the results table are not fully selected: Influenza and pneumonia, Other respiratory diseases principally"
"affecting the interstitium. The Query Description lists the actual values selected."
"3. The method used to calculate 95% confidence intervals is documented here: More information:"
"http://wonder.cdc.gov/wonder/help/mcd-provisional.html#Confidence-Intervals."
"4. Beginning with the 2018 data, changes have been implemented that affect the counts for ICD-10 cause of death codes O00-O99"
"compared to previous practice. In addition, data for the cause of death codes O00-O99 for 2003 through 2017 reflect differences"
"in information available to individual states and probable errors. Deaths with the underlying cause classified with O00-O99 are"
"subject to further processing before these deaths records are considered final. Provisional deaths have not undergone full"
"processing and review and therefore should not be considered final for statistical purposes. Caution should be used in"
"interpreting these data. More information can be found at: https://www.cdc.gov/nchs/maternal-mortality/."
"5. On March 11, 2021, the 2019 mortality data on CDC WONDER was updated with the 2019 mortality data updated by NCHS on March 4,"
"2021 to include corrected information for residents of Texas affecting 5 records previously coded to cause code *U01.4,"
"Terrorism involving firearms (homicide). The underlying and multiple cause of death codes for 5 records were corrected in the"
"2019 data. Underlying and multiple cause of death codes for those 5 records were recoded to Assault (homicide) by other and"
"unspecified firearm discharge, ICD-10 code X95. The corrected final death records replaces the data released on December 22,"
"2020."
"6. Connecticut population estimates for 2022 and later years are reported for 9 planning regions as county equivalent areas,"
"instead of the former 8 legacy counties in the Vintage 2022 postcensal series released by the Census Bureau on June 22, 2023,"
"and in the Vintage 2023 postcensal series released by the Census Bureau on June 27, 2024. Populations estimates for the former"
"counties are not available for 2022 and later years. More information:"
"http://wonder.cdc.gov/wonder/help/mcd-provisional.html#Connecticut-2022."
"7. After the creation of the final 2023 dataset, North Carolina updated the cause of death information for over 900 death"
"certificates to include a cause of death code indicating drug overdose (ICD-10 underlying cause-of-death codes: X40-X44,"
"X60-X64, X85, and Y10-Y14). Jurisdictions can continue to update death certificates after the closing of the mortality file. As"
"a result, users should consider that the actual death count for drug overdose deaths for North Carolina in 2023 is over 4,400"
"deaths, with a crude rate of approximately 41.0 per 100,000 population, and an age-adjusted rate of approximately 42.1 per"
"100,000 population. These deaths will not be updated on the final mortality datasets."
"8. Changes to cause of death classification affect reporting trends. More information:"
"http://wonder.cdc.gov/wonder/help/mcd-provisional.html#ICD-10 Changes."
"9. Deaths related to external causes of injury or sudden death: In the provisional mortality data, causes of death classified as"
"external causes of injury (ICD-10 codes V01-Y89), sudden deaths (ICD-10 codes R95 and R96), or drug poisoning (ICD-10 codes"
"T36-T50), have the cause of death labeled as 'Data not shown due to 6 month lag to account for delays in death certificate"
"completion for certain causes of death.' For these deaths occurring 24 weeks prior to the final date in the provisional data,"
"the number of deaths and related statistics are not available by specific cause of death for ICD-10 codes V01-Y89, R95, R96, or"
"T36-T50. More information: http://wonder.cdc.gov/wonder/help/mcd-provisional.html#999."
"10. Deaths occurring through March 28, 2026 as of April 05, 2026."